6.840673192766000284e+05,0.000000000000000000e+00,-4.228849473903362743e-01,6.564858336067644906e-01,2.191620265663471179e-01,1.900327478830076411e-01,-7.812358708846049993e-01,-4.736812868368886487e-01,-2.677544758171607753e-01,6.108637468278049765e-01,-3.353036565391949719e-01,-1.087335965400041404e+00,-1.308908826408824000e+00,9.779895115198182776e-01,-2.617866688043312684e-01,1.570783649267723847e+00
6.840673309997000033e+05,0.000000000000000000e+00,-4.228979588345191942e-01,6.564766846159818536e-01,2.191620265663471179e-01,1.900327478830076411e-01,-7.812358708846049993e-01,-4.736812868368886487e-01,-2.677544758171607753e-01,6.108637468278049765e-01,-3.353036565391949719e-01,-1.087335965400041404e+00,-1.308908826408824000e+00,9.779895115198182776e-01,-2.617866688043312684e-01,1.570783649267723847e+00
6.840673382251999574e+05,0.000000000000000000e+00,-4.228979588345191942e-01,6.564766846159818536e-01,2.191620265663471179e-01,1.900327478830076411e-01,-7.812358708846049993e-01,-4.736812868368886487e-01,-2.677544758171607753e-01,6.108637468278049765e-01,-3.353036565391949719e-01,-1.087335965400041404e+00,-1.308908826408824000e+00,9.779895115198182776e-01,-2.617866688043312684e-01,1.570783649267723847e+00
6.840673436852999730e+05,0.000000000000000000e+00,-4.228979588345191942e-01,6.564766846159818536e-01,2.191620265663471179e-01,1.900327478830076411e-01,-7.812358708846049993e-01,-4.736812868368886487e-01,-2.677544758171607753e-01,6.108637468278049765e-01,-3.353036565391949719e-01,-1.087335965400041404e+00,-1.308908826408824000e+00,9.779895115198182776e-01,-2.617866688043312684e-01,1.570783649267723847e+00
6.840673494871000294e+05,0.000000000000000000e+00,-4.228979588345191942e-01,6.564766846159818536e-01,2.191620265663471179e-01,1.900327478830076411e-01,-7.812358708846049993e-01,-4.736812868368886487e-01,-2.677544758171607753e-01,6.108637468278049765e-01,-3.353036565391949719e-01,-1.087335965400041404e+00,-1.308908826408824000e+00,9.779895115198182776e-01,-2.617866688043312684e-01,1.570783649267723847e+00
6.840673542477999581e+05,0.000000000000000000e+00,-4.228979588345191942e-01,6.564766846159818536e-01,2.191620265663471179e-01,1.900327478830076411e-01,-7.812358708846049993e-01,-4.736812868368886487e-01,-2.677544758171607753e-01,6.108637468278049765e-01,-3.353036565391949719e-01,-1.087335965400041404e+00,-1.308908826408824000e+00,9.779895115198182776e-01,-2.617866688043312684e-01,1.570783649267723847e+00
6.840673688533999957e+05,0.000000000000000000e+00,-4.228979588345191942e-01,6.564766846159818536e-01,2.191620265663471179e-01,1.900327478830076411e-01,-7.812358708846049993e-01,-4.736812868368886487e-01,-2.677544758171607753e-01,6.108637468278049765e-01,-3.353036565391949719e-01,-1.087335965400041404e+00,-1.308926631542969066e+00,9.779895115198182776e-01,-2.617866688043312684e-01,1.570783649267723847e+00
6.840673768309999723e+05,1.000000000000000000e+00,-4.228979588345191942e-01,6.564766846159818536e-01,2.191620265663471179e-01,1.900327478830076411e-01,-7.812358708846049993e-01,-4.736812868368886487e-01,-2.677544758171607753e-01,6.108637468278049765e-01,-3.353036565391949719e-01,-1.087353959309576679e+00,-1.308926631542969066e+00,9.779895115198182776e-01,-2.617866688043312684e-01,1.570783649267723847e+00
6.840673847806999693e+05,1.000000000000000000e+00,-4.228979588345191942e-01,6.564766846159818536e-01,2.191620265663471179e-01,1.900327478830076411e-01,-7.812358708846049993e-01,-4.736812868368886487e-01,-2.677544758171607753e-01,6.108637468278049765e-01,-3.353036565391949719e-01,-1.087353959309576679e+00,-1.308926631542969066e+00,9.779895115198182776e-01,-2.617866688043312684e-01,1.570783649267723847e+00
6.840673929063000251e+05,1.000000000000000000e+00,-4.228979588345191942e-01,6.564766846159818536e-01,2.191620265663471179e-01,1.900327478830076411e-01,-7.812358708846049993e-01,-4.736812868368886487e-01,-2.677544758171607753e-01,6.108503244959109235e-01,-3.353036565391949719e-01,-1.087353959309576679e+00,-1.308926631542969066e+00,9.779895115198182776e-01,-2.617866688043312684e-01,1.570783649267723847e+00
6.840674012801999925e+05,1.000000000000000000e+00,-4.228979588345191942e-01,6.564766846159818536e-01,2.191620265663471179e-01,1.900327478830076411e-01,-7.812358708846049993e-01,-4.736812868368886487e-01,-2.677544758171607753e-01,6.108503244959109235e-01,-3.353036565391949719e-01,-1.087353959309576679e+00,-1.308926631542969066e+00,9.779895115198182776e-01,-2.617866688043312684e-01,1.570783649267723847e+00
6.840674096809000475e+05,1.000000000000000000e+00,-4.228979588345191942e-01,6.564766846159818536e-01,2.191620265663471179e-01,1.900327478830076411e-01,-7.812358708846049993e-01,-4.736812868368886487e-01,-2.677544758171607753e-01,6.108503244959109235e-01,-3.353036565391949719e-01,-1.087353959309576679e+00,-1.308926631542969066e+00,9.779895115198182776e-01,-2.617866688043312684e-01,1.570783649267723847e+00
6.840674154487999622e+05,1.000000000000000000e+00,-4.228979588345191942e-01,6.564766846159818536e-01,2.191620265663471179e-01,1.900327478830076411e-01,-7.812358708846049993e-01,-4.736812868368886487e-01,-2.677544758171607753e-01,6.108503244959109235e-01,-3.353036565391949719e-01,-1.087353959309576679e+00,-1.308926631542969066e+00,9.779895115198182776e-01,-2.617866688043312684e-01,1.570783649267723847e+00
6.840674235127000138e+05,1.000000000000000000e+00,-4.228979588345191942e-01,6.564949825975471276e-01,2.191839405776026262e-01,1.900327478830076411e-01,-7.812358708846049993e-01,-4.736812868368886487e-01,-2.677544758171607753e-01,6.108503244959109235e-01,-3.353036565391949719e-01,-1.087353959309576679e+00,-1.308926631542969066e+00,9.779895115198182776e-01,-2.617866688043312684e-01,1.570783649267723847e+00
6.840674308052000124e+05,1.000000000000000000e+00,-4.229109702787021696e-01,6.565315785606775645e-01,2.192058545888581345e-01,1.900327478830076411e-01,-7.812358708846049993e-01,-4.736812868368886487e-01,-2.677544758171607753e-01,6.108503244959109235e-01,-3.353036565391949719e-01,-1.087353959309576679e+00,-1.308926631542969066e+00,9.779895115198182776e-01,-2.617866688043312684e-01,1.570783649267723847e+00
6.840674354891000548e+05,1.000000000000000000e+00,-4.229239817228851450e-01,6.565407275514602015e-01,2.192058545888581345e-01,1.900498110730842460e-01,-7.812358708846049993e-01,-4.736812868368886487e-01,-2.677544758171607753e-01,6.108503244959109235e-01,-3.353036565391949719e-01,-1.087353959309576679e+00,-1.308926631542969066e+00,9.779895115198182776e-01,-2.617866688043312684e-01,1.570783649267723847e+00
6.840674746223000111e+05,2.000000000000000000e+00,-4.231842106065443199e-01,6.569798791090258883e-01,2.197427478646181154e-01,1.900327478830076411e-01,-7.812358708846049993e-01,-4.736429072155277087e-01,-2.677544758171607753e-01,6.108503244959109235e-01,-3.353036565391949719e-01,-1.087371953219111953e+00,-1.308944436677114131e+00,9.779895115198182776e-01,-2.617866688043312684e-01,1.570783649267723847e+00
6.840674786592000164e+05,2.000000000000000000e+00,-4.232362563832761104e-01,6.570530710352867620e-01,2.198523179208956568e-01,1.900327478830076411e-01,-7.812358708846049993e-01,-4.736429072155277087e-01,-2.677544758171607753e-01,6.108503244959109235e-01,-3.353036565391949719e-01,-1.087371953219111953e+00,-1.308944436677114131e+00,9.779895115198182776e-01,-2.617866688043312684e-01,1.570783649267723847e+00
6.840674826603999827e+05,2.000000000000000000e+00,-4.233013136041909319e-01,6.571354119523303838e-01,2.199728449828009524e-01,1.900156846929310639e-01,-7.812358708846049993e-01,-4.736045275941667687e-01,-2.677544758171607753e-01,6.108503244959109235e-01,-3.353036565391949719e-01,-1.087371953219111953e+00,-1.308944436677114131e+00,9.779895115198182776e-01,-2.617866688043312684e-01,1.570783649267723847e+00
6.840674891088999575e+05,2.000000000000000000e+00,-4.234184166018375439e-01,6.573183917679827903e-01,2.202796411403780685e-01,1.899986215028544589e-01,-7.812358708846049993e-01,-4.735661479728057732e-01,-2.677544758171607753e-01,6.108503244959109235e-01,-3.353036565391949719e-01,-1.087371953219111953e+00,-1.308944436677114131e+00,9.779895115198182776e-01,-2.617866688043312684e-01,1.570783649267723847e+00
6.840674976615000051e+05,2.000000000000000000e+00,-4.235615424878501067e-01,6.575837125006787076e-01,2.206631363373494914e-01,1.899133055524714897e-01,-7.812536760187501761e-01,-4.734893887300838933e-01,-2.677544758171607753e-01,6.108503244959109235e-01,-3.353036565391949719e-01,-1.087371953219111953e+00,-1.308944436677114131e+00,9.779895115198182776e-01,-2.617866688043312684e-01,1.570783649267723847e+00
6.840675026715999702e+05,2.000000000000000000e+00,-4.236526225971308235e-01,6.577392453439832032e-01,2.208932334555323285e-01,1.898279896020885482e-01,-7.812714811528952419e-01,-4.734510091087229533e-01,-2.677544758171607753e-01,6.108503244959109235e-01,-3.353036565391949719e-01,-1.087371953219111953e+00,-1.308944436677114131e+00,9.779895115198182776e-01,-2.617866688043312684e-01,1.570783649267723847e+00
6.840675076586999930e+05,2.000000000000000000e+00,-4.237437027064115402e-01,6.579039271780703357e-01,2.211123735680874114e-01,1.897597368417821562e-01,-7.813070914211854845e-01,-4.734510091087229533e-01,-2.677544758171607753e-01,6.108503244959109235e-01,-3.353036565391949719e-01,-1.087371953219111953e+00,-1.308944436677114131e+00,9.779895115198182776e-01,-2.617866688043312684e-01,1.570783649267723847e+00
6.840675128706999822e+05,2.000000000000000000e+00,-4.238347828156922015e-01,6.580686090121574683e-01,2.213534276918980304e-01,1.896744208913992147e-01,-7.813605068236207929e-01,-4.733742498660010178e-01,-2.677544758171607753e-01,6.108503244959109235e-01,-3.353036565391949719e-01,-1.087371953219111953e+00,-1.308944436677114131e+00,9.779895115198182776e-01,-2.617866688043312684e-01,1.570783649267723847e+00
6.840675187561999774e+05,2.000000000000000000e+00,-4.240299544784366104e-01,6.583979726803316224e-01,2.218464929451469947e-01,1.895208521807098812e-01,-7.814673376284914097e-01,-4.732974906232791379e-01,-2.677544758171607753e-01,6.108503244959109235e-01,-3.353036565391949719e-01,-1.087371953219111953e+00,-1.308944436677114131e+00,9.779895115198182776e-01,-2.617866688043312684e-01,1.570783649267723847e+00
6.840675250773000298e+05,2.000000000000000000e+00,-4.241340460319002470e-01,6.585626545144187549e-01,2.220985040745853401e-01,1.894355362303269119e-01,-7.815207530309266071e-01,-4.731823517591962625e-01,-2.677544758171607753e-01,6.108503244959109235e-01,-3.353036565391949719e-01,-1.087371953219111953e+00,-1.308944436677114131e+00,9.779895115198182776e-01,-2.617866688043312684e-01,1.570783649267723847e+00
6.840675312009999761e+05,2.000000000000000000e+00,-4.243422291388276313e-01,6.589011671733756570e-01,2.226244403447175668e-01,1.892990307097141833e-01,-7.815563632992168497e-01,-4.729904536523915071e-01,-2.677544758171607753e-01,6.108503244959109235e-01,-3.353036565391949719e-01,-1.087371953219111953e+00,-1.308944436677114131e+00,9.779895115198182776e-01,-2.617866688043312684e-01,1.570783649267723847e+00
6.840675357781000203e+05,2.000000000000000000e+00,-4.244593321364742433e-01,6.590841469890280635e-01,2.228983654854114205e-01,1.892137147593312141e-01,-7.815741684333619155e-01,-4.728369351669476917e-01,-2.677544758171607753e-01,6.108503244959109235e-01,-3.353036565391949719e-01,-1.087371953219111953e+00,-1.308944436677114131e+00,9.779895115198182776e-01,-2.617866688043312684e-01,1.570783649267723847e+00
6.840675427174000069e+05,2.000000000000000000e+00,-4.246805266875845475e-01,6.594775535926805654e-01,2.234790867836824180e-01,1.890430828585653034e-01,-7.816453889699424007e-01,-4.726450370601428808e-01,-2.677544758171607753e-01,6.108503244959109235e-01,-3.353036565391949719e-01,-1.087371953219111953e+00,-1.308944436677114131e+00,9.779895115198182776e-01,-2.617866688043312684e-01,1.570783649267723847e+00
6.840675478073999984e+05,2.000000000000000000e+00,-4.247976296852311595e-01,6.596696823991156089e-01,2.237749259356317799e-01,1.889407037181057292e-01,-7.817166095065227749e-01,-4.724915185746990653e-01,-2.677544758171607753e-01,6.108503244959109235e-01,-3.353036565391949719e-01,-1.087371953219111953e+00,-1.308944436677114131e+00,9.779895115198182776e-01,-2.617866688043312684e-01,1.570783649267723847e+00
6.840675534932999872e+05,2.000000000000000000e+00,-4.250318356805244391e-01,6.600539400119855848e-01,2.243556472339027774e-01,1.887700718173398184e-01,-7.819124659821188317e-01,-4.722996204678943100e-01,-2.677544758171607753e-01,6.108503244959109235e-01,-3.353036565391949719e-01,-1.087371953219111953e+00,-1.308944436677114131e+00,9.779895115198182776e-01,-2.617866688043312684e-01,1.570783649267723847e+00
6.840675588344000280e+05,2.000000000000000000e+00,-4.251489386781710511e-01,6.602460688184205173e-01,2.246514863858521671e-01,1.886676926768802720e-01,-7.820371019211346253e-01,-4.721461019824504945e-01,-2.677544758171607753e-01,6.108503244959109235e-01,-3.353036565391949719e-01,-1.087371953219111953e+00,-1.308944436677114131e+00,9.779895115198182776e-01,-2.617866688043312684e-01,1.570783649267723847e+00
6.840675651113999775e+05,2.000000000000000000e+00,-4.252660416758176631e-01,6.604290486340729238e-01,2.249363685321737749e-01,1.885653135364206978e-01,-7.821617378601503079e-01,-4.719925834970066791e-01,-2.677544758171607753e-01,6.108503244959109235e-01,-3.353036565391949719e-01,-1.087371953219111953e+00,-1.308944436677114131e+00,9.779895115198182776e-01,-2.617866688043312684e-01,1.570783649267723847e+00
6.840675707675999729e+05,2.000000000000000000e+00,-4.254872362269279673e-01,6.608041572561602628e-01,2.254951758191892641e-01,1.883776184455782099e-01,-7.823753994698915415e-01,-4.714552687979533530e-01,-2.677544758171607753e-01,6.108503244959109235e-01,-3.353036565391949719e-01,-1.087371953219111953e+00,-1.308944436677114131e+00,9.779895115198182776e-01,-2.617866688043312684e-01,1.570783649267723847e+00
6.840675759642999619e+05,2.000000000000000000e+00,-4.256043392245745793e-01,6.609871370718125583e-01,2.257800579655108719e-01,1.882752393051186357e-01,-7.824644251406169815e-01,-4.710714725843437867e-01,-2.677544758171607753e-01,6.108503244959109235e-01,-3.353036565391949719e-01,-1.087371953219111953e+00,-1.308944436677114131e+00,9.779895115198182776e-01,-2.617866688043312684e-01,1.570783649267723847e+00
6.840675818844999885e+05,2.000000000000000000e+00,-4.258125223315019081e-01,6.613530967031173713e-01,2.263169512412708528e-01,1.881046074043527250e-01,-7.826424764820680835e-01,-4.703806393998466451e-01,-2.677544758171607753e-01,6.108503244959109235e-01,-3.353036565391949719e-01,-1.087389947128647227e+00,-1.308944436677114131e+00,9.779895115198182776e-01,-2.617866688043312684e-01,1.570783649267723847e+00
6.840675868646999588e+05,2.000000000000000000e+00,-4.259166138849656003e-01,6.615360765187696668e-01,2.265799193763369523e-01,1.880192914539697557e-01,-7.827315021527935235e-01,-4.700352228075980743e-01,-2.677544758171607753e-01,6.108503244959109235e-01,-3.353036565391949719e-01,-1.087389947128647227e+00,-1.308944436677114131e+00,9.779895115198182776e-01,-2.617866688043312684e-01,1.570783649267723847e+00
6.840675919871999649e+05,2.000000000000000000e+00,-4.260076939942463170e-01,6.617007583528567993e-01,2.268319305057753255e-01,1.879339755035867865e-01,-7.828383329576641403e-01,-4.697665654580713834e-01,-2.677544758171607753e-01,6.108503244959109235e-01,-3.353036565391949719e-01,-1.087389947128647227e+00,-1.308944436677114131e+00,9.779895115198182776e-01,-2.617866688043312684e-01,1.570783649267723847e+00
6.840675979997999966e+05,2.000000000000000000e+00,-4.261898542128077505e-01,6.620301220210310644e-01,2.272811677365132454e-01,1.877804067928974807e-01,-7.829985791649700655e-01,-4.692676303803789972e-01,-2.677544758171607753e-01,6.108503244959109235e-01,-3.353036565391949719e-01,-1.087389947128647227e+00,-1.308944436677114131e+00,9.779895115198182776e-01,-2.617866688043312684e-01,1.570783649267723847e+00
6.840676020578000462e+05,2.000000000000000000e+00,-4.262809343220884117e-01,6.621765058735529230e-01,2.274893508434406020e-01,1.877121540325910887e-01,-7.830519945674053739e-01,-4.690757322735742418e-01,-2.677544758171607753e-01,6.108503244959109235e-01,-3.353036565391949719e-01,-1.087389947128647227e+00,-1.308944436677114131e+00,9.779895115198182776e-01,-2.617866688043312684e-01,1.570783649267723847e+00
6.840676061642999994e+05,2.000000000000000000e+00,-4.263590029871862086e-01,6.623137407352922557e-01,2.276865769447401766e-01,1.876609644623613293e-01,-7.831232151039857481e-01,-4.689222137881304264e-01,-2.677544758171607753e-01,6.108503244959109235e-01,-3.353036565391949719e-01,-1.087389947128647227e+00,-1.308944436677114131e+00,9.779895115198182776e-01,-2.617866688043312684e-01,1.570783649267723847e+00
6.840676101540999953e+05,2.000000000000000000e+00,-4.264240602081009746e-01,6.624418266062488403e-01,2.278728460404119971e-01,1.875927117020549650e-01,-7.831588253722759907e-01,-4.687303156813256155e-01,-2.677544758171607753e-01,6.108503244959109235e-01,-3.353036565391949719e-01,-1.087389947128647227e+00,-1.308944436677114131e+00,9.779895115198182776e-01,-2.617866688043312684e-01,1.570783649267723847e+00
6.840676142770999577e+05,2.000000000000000000e+00,-4.265021288731987159e-01,6.625699124772055360e-01,2.280372011248283093e-01,1.875415221318251779e-01,-7.831944356405661223e-01,-4.685767971958818556e-01,-2.677544758171607753e-01,6.108503244959109235e-01,-3.353036565391949719e-01,-1.087389947128647227e+00,-1.308944436677114131e+00,9.779895115198182776e-01,-2.617866688043312684e-01,1.570783649267723847e+00
6.840676182258999906e+05,2.000000000000000000e+00,-4.265671860941135374e-01,6.626797003665969577e-01,2.281905992036168951e-01,1.875073957516719958e-01,-7.832122407747112991e-01,-4.684232787104380402e-01,-2.677544758171607753e-01,6.108503244959109235e-01,-3.353036565391949719e-01,-1.087389947128647227e+00,-1.308944436677114131e+00,9.779895115198182776e-01,-2.617866688043312684e-01,1.570783649267723847e+00
6.840676221916000359e+05,2.000000000000000000e+00,-4.266192318708453834e-01,6.627803392652057424e-01,2.283330402767776990e-01,1.874732693715188137e-01,-7.832478510430014307e-01,-4.683081398463551648e-01,-2.677544758171607753e-01,6.108503244959109235e-01,-3.353036565391949719e-01,-1.087389947128647227e+00,-1.308944436677114131e+00,9.779895115198182776e-01,-2.617866688043312684e-01,1.570783649267723847e+00
6.840676261834000470e+05,2.000000000000000000e+00,-4.266842890917601494e-01,6.628809781638145271e-01,2.284645243443107487e-01,1.874220798012890266e-01,-7.832834613112916733e-01,-4.681930009822722893e-01,-2.677544758171607753e-01,6.108503244959109235e-01,-3.353036565391949719e-01,-1.087389947128647227e+00,-1.308944436677114131e+00,9.779895115198182776e-01,-2.617866688043312684e-01,1.570783649267723847e+00
6.840676303080000216e+05,2.000000000000000000e+00,-4.267233234243090201e-01,6.629633190808581489e-01,2.285740944005882902e-01,1.873879534211358444e-01,-7.833190715795819159e-01,-4.681162417395504094e-01,-2.677544758171607753e-01,6.108503244959109235e-01,-3.353036565391949719e-01,-1.087389947128647227e+00,-1.308944436677114131e+00,9.779895115198182776e-01,-2.617866688043312684e-01,1.570783649267723847e+00
6.840676343290000223e+05,3.000000000000000000e+00,-4.267753692010408662e-01,6.630456599979016596e-01,2.286836644568658317e-01,1.873708902310592672e-01,-7.833546818478720475e-01,-4.680011028754675340e-01,-2.677544758171607753e-01,6.108503244959109235e-01,-3.353036565391949719e-01,-1.087389947128647227e+00,-1.308944436677114131e+00,9.779895115198182776e-01,-2.617866688043312684e-01,1.570783649267723847e+00
6.840676409963000333e+05,4.000000000000000000e+00,-4.268664493103215829e-01,6.631828948596409923e-01,2.288589765469099258e-01,1.873026374707528752e-01,-7.834259023844525327e-01,-4.678475843900237185e-01,-2.677544758171607753e-01,6.108503244959109235e-01,-3.353036565391949719e-01,-1.087389947128647227e+00,-1.308944436677114131e+00,9.779895115198182776e-01,-2.617866688043312684e-01,1.570783649267723847e+00
6.840676502984999679e+05,5.000000000000000000e+00,-4.269315065312363489e-01,6.633018317398150510e-01,2.290123746256984838e-01,1.872685110905996930e-01,-7.834971229210329069e-01,-4.677708251473017831e-01,-2.677544758171607753e-01,6.108503244959109235e-01,-3.353036565391949719e-01,-1.087389947128647227e+00,-1.308944436677114131e+00,9.779895115198182776e-01,-2.617866688043312684e-01,1.570783649267723847e+00
6.840676550179000478e+05,5.000000000000000000e+00,-4.269575294196022996e-01,6.633475766937281248e-01,2.290781166594650087e-01,1.872514479005231158e-01,-7.835327331893231495e-01,-4.677324455259408431e-01,-2.677544758171607753e-01,6.108503244959109235e-01,-3.353036565391949719e-01,-1.087389947128647227e+00,-1.308944436677114131e+00,9.779895115198182776e-01,-2.617866688043312684e-01,1.570783649267723847e+00
6.840676623475999804e+05,5.000000000000000000e+00,-4.270095751963340902e-01,6.634390666015542726e-01,2.291767297101147960e-01,1.872173215203699337e-01,-7.836039537259035237e-01,-4.676556862832189632e-01,-2.677544758171607753e-01,6.108503244959109235e-01,-3.353036565391949719e-01,-1.087389947128647227e+00,-1.308944436677114131e+00,9.779895115198182776e-01,-2.617866688043312684e-01,1.570783649267723847e+00
6.840676663019000553e+05,5.000000000000000000e+00,-4.270355980847000410e-01,6.634756625646847095e-01,2.292205577326258126e-01,1.872002583302933287e-01,-7.836217588600485895e-01,-4.676173066618579677e-01,-2.677544758171607753e-01,6.108503244959109235e-01,-3.353036565391949719e-01,-1.087389947128647227e+00,-1.308944436677114131e+00,9.779895115198182776e-01,-2.617866688043312684e-01,1.570783649267723847e+00
6.840676703078000573e+05,5.000000000000000000e+00,-4.270616209730659363e-01,6.635031095370326204e-01,2.292643857551368292e-01,1.872002583302933287e-01,-7.836395639941936553e-01,-4.675789270404970277e-01,-2.677544758171607753e-01,6.108503244959109235e-01,-3.353036565391949719e-01,-1.087389947128647227e+00,-1.308944436677114131e+00,9.779895115198182776e-01,-2.617866688043312684e-01,1.570783649267723847e+00
6.840676745064000133e+05,5.000000000000000000e+00,-4.270746324172489117e-01,6.635305565093804203e-01,2.293082137776478457e-01,1.871831951402167515e-01,-7.836573691283388321e-01,-4.675405474191360877e-01,-2.677544758171607753e-01,6.108503244959109235e-01,-3.353036565391949719e-01,-1.087389947128647227e+00,-1.308944436677114131e+00,9.779895115198182776e-01,-2.617866688043312684e-01,1.570783649267723847e+00
6.840676783247999847e+05,5.000000000000000000e+00,-4.271006553056148070e-01,6.635580034817283313e-01,2.293410847945311082e-01,1.871831951402167515e-01,-7.836751742624838979e-01,-4.675021677977751478e-01,-2.677544758171607753e-01,6.108503244959109235e-01,-3.353036565391949719e-01,-1.087389947128647227e+00,-1.308944436677114131e+00,9.779895115198182776e-01,-2.617866688043312684e-01,1.570783649267723847e+00
6.840676822901000269e+05,5.000000000000000000e+00,-4.271136667497977824e-01,6.635854504540761312e-01,2.293739558114143706e-01,1.871831951402167515e-01,-7.836751742624838979e-01,-4.674637881764141523e-01,-2.677544758171607753e-01,6.108503244959109235e-01,-3.353036565391949719e-01,-1.087389947128647227e+00,-1.308944436677114131e+00,9.779895115198182776e-01,-2.617866688043312684e-01,1.570783649267723847e+00
6.840676871006999863e+05,5.000000000000000000e+00,-4.271266781939807577e-01,6.636037484356414051e-01,2.293958698226698789e-01,1.871661319501401466e-01,-7.836929793966289637e-01,-4.674254085550532123e-01,-2.677544758171607753e-01,6.108503244959109235e-01,-3.353036565391949719e-01,-1.087389947128647227e+00,-1.308944436677114131e+00,9.779895115198182776e-01,-2.617866688043312684e-01,1.570783649267723847e+00
6.840676910302999895e+05,5.000000000000000000e+00,-4.271396896381636776e-01,6.636220464172066791e-01,2.294177838339253872e-01,1.871661319501401466e-01,-7.836929793966289637e-01,-4.674254085550532123e-01,-2.677544758171607753e-01,6.108503244959109235e-01,-3.353036565391949719e-01,-1.087389947128647227e+00,-1.308944436677114131e+00,9.779895115198182776e-01,-2.617866688043312684e-01,1.570783649267723847e+00
6.840676951202000491e+05,5.000000000000000000e+00,-4.271527010823466530e-01,6.636403443987718420e-01,2.294506548508086496e-01,1.871661319501401466e-01,-7.836929793966289637e-01,-4.673870289336922723e-01,-2.677544758171607753e-01,6.108503244959109235e-01,-3.353036565391949719e-01,-1.087389947128647227e+00,-1.308944436677114131e+00,9.779895115198182776e-01,-2.617866688043312684e-01,1.570783649267723847e+00
6.840676992812999524e+05,5.000000000000000000e+00,-4.271657125265296284e-01,6.636586423803371160e-01,2.294725688620641579e-01,1.871661319501401466e-01,-7.836929793966289637e-01,-4.673870289336922723e-01,-2.677544758171607753e-01,6.108503244959109235e-01,-3.353036565391949719e-01,-1.087389947128647227e+00,-1.308944436677114131e+00,9.779895115198182776e-01,-2.617866688043312684e-01,1.570783649267723847e+00
6.840677032001999905e+05,5.000000000000000000e+00,-4.271787239707126038e-01,6.636769403619023899e-01,2.294944828733196662e-01,1.871490687600635694e-01,-7.836929793966289637e-01,-4.673486493123313323e-01,-2.677544758171607753e-01,6.108503244959109235e-01,-3.353036565391949719e-01,-1.087407941038182724e+00,-1.308944436677114131e+00,9.779895115198182776e-01,-2.617866688043312684e-01,1.570783649267723847e+00
6.840677077335000504e+05,5.000000000000000000e+00,-4.271787239707126038e-01,6.636952383434675529e-01,2.295163968845751745e-01,1.871490687600635694e-01,-7.836929793966289637e-01,-4.673486493123313323e-01,-2.677544758171607753e-01,6.108503244959109235e-01,-3.353036565391949719e-01,-1.087407941038182724e+00,-1.308944436677114131e+00,9.779895115198182776e-01,-2.617866688043312684e-01,1.570783649267723847e+00
6.840677112837999593e+05,5.000000000000000000e+00,-4.271917354148955237e-01,6.637135363250328268e-01,2.295273538902029287e-01,1.871490687600635694e-01,-7.837107845307741405e-01,-4.673486493123313323e-01,-2.677544758171607753e-01,6.108503244959109235e-01,-3.353036565391949719e-01,-1.087407941038182724e+00,-1.308944436677114131e+00,9.779895115198182776e-01,-2.617866688043312684e-01,1.570783649267723847e+00
6.840677183916999493e+05,5.000000000000000000e+00,-4.272047468590784991e-01,6.637226853158154638e-01,2.295492679014584647e-01,1.871490687600635694e-01,-7.837107845307741405e-01,-4.673486493123313323e-01,-2.677544758171607753e-01,6.108503244959109235e-01,-3.353036565391949719e-01,-1.087407941038182724e+00,-1.308944436677114131e+00,9.779895115198182776e-01,-2.617866688043312684e-01,1.570783649267723847e+00
6.840677224880000576e+05,5.000000000000000000e+00,-4.272177583032614745e-01,6.637409832973806267e-01,2.295711819127139730e-01,1.871320055699869644e-01,-7.837107845307741405e-01,-4.673102696909703369e-01,-2.677544758171607753e-01,6.108503244959109235e-01,-3.353036565391949719e-01,-1.087407941038182724e+00,-1.308944436677114131e+00,9.779895115198182776e-01,-2.617866688043312684e-01,1.570783649267723847e+00
6.840677281680000015e+05,5.000000000000000000e+00,-4.272177583032614745e-01,6.637501322881632637e-01,2.295930959239694813e-01,1.871320055699869644e-01,-7.837107845307741405e-01,-4.673102696909703369e-01,-2.677544758171607753e-01,6.108503244959109235e-01,-3.353036565391949719e-01,-1.087407941038182724e+00,-1.308944436677114131e+00,9.779895115198182776e-01,-2.617866688043312684e-01,1.570783649267723847e+00
6.840677379317999585e+05,6.000000000000000000e+00,-4.272307697474443944e-01,6.637684302697285377e-01,2.296150099352249896e-01,1.871320055699869644e-01,-7.837107845307741405e-01,-4.672718900696093969e-01,-2.677544758171607753e-01,6.108503244959109235e-01,-3.353036565391949719e-01,-1.087407941038182724e+00,-1.308944436677114131e+00,9.779895115198182776e-01,-2.617866688043312684e-01,1.570783649267723847e+00
6.840677424788000062e+05,6.000000000000000000e+00,-4.272437811916273698e-01,6.637958772420763376e-01,2.296478809521082520e-01,1.871320055699869644e-01,-7.837107845307741405e-01,-4.672718900696093969e-01,-2.677544758171607753e-01,6.108503244959109235e-01,-3.353036565391949719e-01,-1.087407941038182724e+00,-1.308944436677114131e+00,9.779895115198182776e-01,-2.617866688043312684e-01,1.570783649267723847e+00
6.840677464616999496e+05,6.000000000000000000e+00,-4.272437811916273698e-01,6.638141752236416115e-01,2.296697949633637603e-01,1.871320055699869644e-01,-7.837107845307741405e-01,-4.672718900696093969e-01,-2.677544758171607753e-01,6.108503244959109235e-01,-3.353036565391949719e-01,-1.087407941038182724e+00,-1.308944436677114131e+00,9.779895115198182776e-01,-2.617866688043312684e-01,1.570783649267723847e+00
6.840677520873999456e+05,6.000000000000000000e+00,-4.272567926358103452e-01,6.638324732052068855e-01,2.296807519689915145e-01,1.871320055699869644e-01,-7.837285896649192063e-01,-4.672718900696093969e-01,-2.677544758171607753e-01,6.108503244959109235e-01,-3.353036565391949719e-01,-1.087407941038182724e+00,-1.308944436677114131e+00,9.779895115198182776e-01,-2.617866688043312684e-01,1.570783649267723847e+00
6.840677584573000204e+05,6.000000000000000000e+00,-4.272698040799932651e-01,6.638599201775546854e-01,2.297245799915025311e-01,1.871320055699869644e-01,-7.837285896649192063e-01,-4.672718900696093969e-01,-2.677544758171607753e-01,6.108503244959109235e-01,-3.353036565391949719e-01,-1.087407941038182724e+00,-1.308944436677114131e+00,9.779895115198182776e-01,-2.617866688043312684e-01,1.570783649267723847e+00
6.840677625216000015e+05,6.000000000000000000e+00,-4.272698040799932651e-01,6.638782181591199594e-01,2.297464940027580393e-01,1.871320055699869644e-01,-7.837463947990642721e-01,-4.672718900696093969e-01,-2.677544758171607753e-01,6.108503244959109235e-01,-3.353036565391949719e-01,-1.087407941038182724e+00,-1.308944436677114131e+00,9.779895115198182776e-01,-2.617866688043312684e-01,1.570783649267723847e+00
6.840677665434000082e+05,6.000000000000000000e+00,-4.272698040799932651e-01,6.638965161406851223e-01,2.297684080140135476e-01,1.871149423799103595e-01,-7.837463947990642721e-01,-4.672718900696093969e-01,-2.677544758171607753e-01,6.108503244959109235e-01,-3.353036565391949719e-01,-1.087407941038182724e+00,-1.308944436677114131e+00,9.779895115198182776e-01,-2.617866688043312684e-01,1.570783649267723847e+00
6.840677710701000178e+05,6.000000000000000000e+00,-4.272828155241762405e-01,6.639148141222503963e-01,2.297903220252690559e-01,1.871149423799103595e-01,-7.837463947990642721e-01,-4.672335104482484569e-01,-2.677544758171607753e-01,6.108503244959109235e-01,-3.353036565391949719e-01,-1.087407941038182724e+00,-1.308944436677114131e+00,9.779895115198182776e-01,-2.617866688043312684e-01,1.570783649267723847e+00
6.840677746128999861e+05,6.000000000000000000e+00,-4.272828155241762405e-01,6.639331121038156702e-01,2.298231930421523184e-01,1.870978791898337823e-01,-7.837641999332094489e-01,-4.672335104482484569e-01,-2.677544758171607753e-01,6.108503244959109235e-01,-3.353036565391949719e-01,-1.087407941038182724e+00,-1.308944436677114131e+00,9.779895115198182776e-01,-2.617866688043312684e-01,1.570783649267723847e+00
6.840677785740999971e+05,6.000000000000000000e+00,-4.272958269683592158e-01,6.639605590761634701e-01,2.298560640590355808e-01,1.870978791898337823e-01,-7.837641999332094489e-01,-4.672335104482484569e-01,-2.677544758171607753e-01,6.108503244959109235e-01,-3.353036565391949719e-01,-1.087407941038182724e+00,-1.308944436677114131e+00,9.779895115198182776e-01,-2.617866688043312684e-01,1.570783649267723847e+00
6.840677836765999673e+05,6.000000000000000000e+00,-4.272958269683592158e-01,6.639788570577287441e-01,2.298889350759188432e-01,1.870978791898337823e-01,-7.837641999332094489e-01,-4.672335104482484569e-01,-2.677544758171607753e-01,6.108503244959109235e-01,-3.353036565391949719e-01,-1.087407941038182724e+00,-1.308944436677114131e+00,9.779895115198182776e-01,-2.617866688043312684e-01,1.570783649267723847e+00
6.840677896921000211e+05,6.000000000000000000e+00,-4.272958269683592158e-01,6.640063040300765440e-01,2.299218060928021057e-01,1.870978791898337823e-01,-7.837641999332094489e-01,-4.672335104482484569e-01,-2.677544758171607753e-01,6.108503244959109235e-01,-3.353036565391949719e-01,-1.087407941038182724e+00,-1.308944436677114131e+00,9.779895115198182776e-01,-2.617866688043312684e-01,1.570783649267723847e+00
6.840677936963000102e+05,6.000000000000000000e+00,-4.273088384125421357e-01,6.640520489839897289e-01,2.299985051321963847e-01,1.870978791898337823e-01,-7.837820050673545147e-01,-4.672335104482484569e-01,-2.677544758171607753e-01,6.108503244959109235e-01,-3.353036565391949719e-01,-1.087407941038182724e+00,-1.308944436677114131e+00,9.779895115198182776e-01,-2.617866688043312684e-01,1.570783649267723847e+00
6.840677985744000180e+05,6.000000000000000000e+00,-4.273088384125421357e-01,6.640794959563375288e-01,2.300423331547074013e-01,1.870808159997571773e-01,-7.837998102014995805e-01,-4.671951308268875169e-01,-2.677544758171607753e-01,6.108503244959109235e-01,-3.353036565391949719e-01,-1.087407941038182724e+00,-1.308944436677114131e+00,9.779895115198182776e-01,-2.617866688043312684e-01,1.570783649267723847e+00
6.840678031139000086e+05,6.000000000000000000e+00,-4.273218498567251111e-01,6.641069429286854398e-01,2.300971181828461720e-01,1.870808159997571773e-01,-7.837998102014995805e-01,-4.671951308268875169e-01,-2.677544758171607753e-01,6.108503244959109235e-01,-3.353036565391949719e-01,-1.087407941038182724e+00,-1.308944436677114131e+00,9.779895115198182776e-01,-2.617866688043312684e-01,1.570783649267723847e+00
6.840678066295000026e+05,6.000000000000000000e+00,-4.273218498567251111e-01,6.641435388918158766e-01,2.301409462053571886e-01,1.870808159997571773e-01,-7.838176153356447573e-01,-4.671951308268875169e-01,-2.677544758171607753e-01,6.108503244959109235e-01,-3.353036565391949719e-01,-1.087407941038182724e+00,-1.308944436677114131e+00,9.779895115198182776e-01,-2.617866688043312684e-01,1.570783649267723847e+00
6.840678105770000257e+05,6.000000000000000000e+00,-4.273348613009080865e-01,6.641709858641636766e-01,2.301957312334959593e-01,1.870637528096806002e-01,-7.838176153356447573e-01,-4.671951308268875169e-01,-2.677544758171607753e-01,6.108503244959109235e-01,-3.353036565391949719e-01,-1.087407941038182724e+00,-1.308944436677114131e+00,9.779895115198182776e-01,-2.617866688043312684e-01,1.570783649267723847e+00
6.840678158109999495e+05,6.000000000000000000e+00,-4.273348613009080865e-01,6.641984328365115875e-01,2.302395592560070037e-01,1.870637528096806002e-01,-7.838354204697898231e-01,-4.671951308268875169e-01,-2.677544758171607753e-01,6.108503244959109235e-01,-3.353036565391949719e-01,-1.087407941038182724e+00,-1.308944436677114131e+00,9.779895115198182776e-01,-2.617866688043312684e-01,1.570783649267723847e+00
6.840678198388000019e+05,6.000000000000000000e+00,-4.273478727450910619e-01,6.642350287996420244e-01,2.302943442841457744e-01,1.870637528096806002e-01,-7.838532256039348889e-01,-4.671567512055265214e-01,-2.677544758171607753e-01,6.108503244959109235e-01,-3.353036565391949719e-01,-1.087407941038182724e+00,-1.308944436677114131e+00,9.779895115198182776e-01,-2.617866688043312684e-01,1.570783649267723847e+00
6.840678306690000463e+05,7.000000000000000000e+00,-4.273608841892739818e-01,6.643265187074682832e-01,2.304477423629343324e-01,1.870637528096806002e-01,-7.838888358722251315e-01,-4.671567512055265214e-01,-2.677544758171607753e-01,6.108503244959109235e-01,-3.353036565391949719e-01,-1.087407941038182724e+00,-1.308944436677114131e+00,9.779895115198182776e-01,-2.617866688043312684e-01,1.570783649267723847e+00
6.840678355578000192e+05,7.000000000000000000e+00,-4.273608841892739818e-01,6.643539656798160831e-01,2.305025273910731032e-01,1.870637528096806002e-01,-7.839066410063701973e-01,-4.671183715841655815e-01,-2.677544758171607753e-01,6.108503244959109235e-01,-3.353036565391949719e-01,-1.087407941038182724e+00,-1.308944436677114131e+00,9.779895115198182776e-01,-2.617866688043312684e-01,1.570783649267723847e+00
6.840678398327999748e+05,7.000000000000000000e+00,-4.273608841892739818e-01,6.643905616429465200e-01,2.305463554135841198e-01,1.870637528096806002e-01,-7.839066410063701973e-01,-4.671183715841655815e-01,-2.677544758171607753e-01,6.108503244959109235e-01,-3.353036565391949719e-01,-1.087407941038182724e+00,-1.308944436677114131e+00,9.779895115198182776e-01,-2.617866688043312684e-01,1.570783649267723847e+00
6.840678437294999603e+05,7.000000000000000000e+00,-4.273738956334569572e-01,6.644180086152944309e-01,2.306011404417228905e-01,1.870637528096806002e-01,-7.839244461405153741e-01,-4.671183715841655815e-01,-2.677544758171607753e-01,6.108503244959109235e-01,-3.353036565391949719e-01,-1.087407941038182724e+00,-1.308944436677114131e+00,9.779895115198182776e-01,-2.617866688043312684e-01,1.570783649267723847e+00
6.840678489530000370e+05,7.000000000000000000e+00,-4.273738956334569572e-01,6.644546045784248678e-01,2.306449684642339071e-01,1.870637528096806002e-01,-7.839422512746604399e-01,-4.671183715841655815e-01,-2.677544758171607753e-01,6.108503244959109235e-01,-3.353036565391949719e-01,-1.087407941038182724e+00,-1.308944436677114131e+00,9.779895115198182776e-01,-2.617866688043312684e-01,1.570783649267723847e+00
6.840678548025999917e+05,7.000000000000000000e+00,-4.273738956334569572e-01,6.645186475139032156e-01,2.307435815148836944e-01,1.870637528096806002e-01,-7.839244461405153741e-01,-4.670799919628046415e-01,-2.677544758171607753e-01,6.108503244959109235e-01,-3.353036565391949719e-01,-1.087425934947717998e+00,-1.308944436677114131e+00,9.779895115198182776e-01,-2.617866688043312684e-01,1.570783649267723847e+00
6.840678587466999888e+05,7.000000000000000000e+00,-4.273869070776399326e-01,6.645369454954684896e-01,2.307874095373947110e-01,1.870637528096806002e-01,-7.838354204697898231e-01,-4.670799919628046415e-01,-2.677544758171607753e-01,6.108503244959109235e-01,-3.353036565391949719e-01,-1.087425934947717998e+00,-1.308944436677114131e+00,9.779895115198182776e-01,-2.617866688043312684e-01,1.570783649267723847e+00
6.840678627575000282e+05,7.000000000000000000e+00,-4.273869070776399326e-01,6.645643924678162895e-01,2.308312375599057276e-01,1.870637528096806002e-01,-7.837107845307741405e-01,-4.670799919628046415e-01,-2.677544758171607753e-01,6.108503244959109235e-01,-3.353036565391949719e-01,-1.087425934947717998e+00,-1.308944436677114131e+00,9.779895115198182776e-01,-2.617866688043312684e-01,1.570783649267723847e+00
6.840678674369000364e+05,7.000000000000000000e+00,-4.273869070776399326e-01,6.645826904493815634e-01,2.308750655824167441e-01,1.870637528096806002e-01,-7.836217588600485895e-01,-4.671183715841655815e-01,-2.677544758171607753e-01,6.108503244959109235e-01,-3.353036565391949719e-01,-1.087425934947717998e+00,-1.308944436677114131e+00,9.779895115198182776e-01,-2.617866688043312684e-01,1.570783649267723847e+00
6.840678801716000307e+05,8.000000000000000000e+00,-4.273869070776399326e-01,6.646284354032946373e-01,2.310175066555775758e-01,1.870637528096806002e-01,-7.830876048356956165e-01,-4.670032327200827060e-01,-2.677544758171607753e-01,6.108503244959109235e-01,-3.353036565391949719e-01,-1.087425934947717998e+00,-1.308944436677114131e+00,9.779895115198182776e-01,-2.617866688043312684e-01,1.570783649267723847e+00
6.840678867968999548e+05,8.000000000000000000e+00,-4.273869070776399326e-01,6.646558823756424372e-01,2.311051627005996090e-01,1.870637528096806002e-01,-7.826424764820680835e-01,-4.669648530987217661e-01,-2.677544758171607753e-01,6.108503244959109235e-01,-3.353036565391949719e-01,-1.087425934947717998e+00,-1.308944436677114131e+00,9.779895115198182776e-01,-2.617866688043312684e-01,1.570783649267723847e+00
6.840678908647999633e+05,8.000000000000000000e+00,-4.273738956334569572e-01,6.646650313664250742e-01,2.311380337174828714e-01,1.870637528096806002e-01,-7.825712559454875983e-01,-4.668880938559998861e-01,-2.677544758171607753e-01,6.108503244959109235e-01,-3.353036565391949719e-01,-1.087425934947717998e+00,-1.308944436677114131e+00,9.779895115198182776e-01,-2.617866688043312684e-01,1.570783649267723847e+00
6.840678948817000492e+05,8.000000000000000000e+00,-4.273738956334569572e-01,6.646741803572077112e-01,2.311599477287383797e-01,1.870637528096806002e-01,-7.828205278235190745e-01,-4.666578161278341352e-01,-2.677544758171607753e-01,6.108503244959109235e-01,-3.353036565391949719e-01,-1.087425934947717998e+00,-1.308944436677114131e+00,9.779895115198182776e-01,-2.617866688043312684e-01,1.570783649267723847e+00
6.840679015984999714e+05,8.000000000000000000e+00,-4.273738956334569572e-01,6.646833293479903482e-01,2.311709047343661338e-01,1.870637528096806002e-01,-7.833012664454367391e-01,-4.663507791569465044e-01,-2.677544758171607753e-01,6.108503244959109235e-01,-3.353036565391949719e-01,-1.087425934947717998e+00,-1.308944436677114131e+00,9.779895115198182776e-01,-2.617866688043312684e-01,1.570783649267723847e+00
6.840679061343000503e+05,8.000000000000000000e+00,-4.273738956334569572e-01,6.647016273295556221e-01,2.311489907231106256e-01,1.870808159997571773e-01,-7.838888358722251315e-01,-4.661205014287808091e-01,-2.677544758171607753e-01,6.108503244959109235e-01,-3.353036565391949719e-01,-1.087425934947717998e+00,-1.308944436677114131e+00,9.779895115198182776e-01,-2.617866688043312684e-01,1.570783649267723847e+00
6.840679121722000418e+05,8.000000000000000000e+00,-4.273738956334569572e-01,6.647107763203381481e-01,2.311270767118551173e-01,1.870808159997571773e-01,-7.841559128844016735e-01,-4.663123995355855644e-01,-2.677544758171607753e-01,6.108503244959109235e-01,-3.353036565391949719e-01,-1.087425934947717998e+00,-1.308944436677114131e+00,9.779895115198182776e-01,-2.617866688043312684e-01,1.570783649267723847e+00
6.840679188534000423e+05,8.000000000000000000e+00,-4.273608841892739818e-01,6.647473722834686960e-01,2.310613346780885924e-01,1.870125632394508131e-01,-7.852242209331077305e-01,-4.665042976423903198e-01,-2.677544758171607753e-01,6.108503244959109235e-01,-3.353036565391949719e-01,-1.087425934947717998e+00,-1.308944436677114131e+00,9.779895115198182776e-01,-2.617954204062704071e-01,1.570783649267723847e+00
6.840679228592000436e+05,8.000000000000000000e+00,-4.273478727450910619e-01,6.647656702650338589e-01,2.310284636612053299e-01,1.870125632394508131e-01,-7.857583749574607035e-01,-4.665042976423903198e-01,-2.677544758171607753e-01,6.108503244959109235e-01,-3.353036565391949719e-01,-1.087425934947717998e+00,-1.308944436677114131e+00,9.779895115198182776e-01,-2.617866688043312684e-01,1.570783649267723847e+00
6.840679268861999735e+05,8.000000000000000000e+00,-4.273478727450910619e-01,6.647839682465991329e-01,2.309846356386943134e-01,1.870125632394508131e-01,-7.860966725062176197e-01,-4.665042976423903198e-01,-2.677544758171607753e-01,6.108503244959109235e-01,-3.353036565391949719e-01,-1.087425934947717998e+00,-1.308944436677114131e+00,9.779895115198182776e-01,-2.617954204062704071e-01,1.570783649267723847e+00
6.840679366341000423e+05,8.000000000000000000e+00,-4.273348613009080865e-01,6.648114152189470438e-01,2.309408076161832968e-01,1.870125632394508131e-01,-7.862213084452334133e-01,-4.665042976423903198e-01,-2.677544758171607753e-01,6.108503244959109235e-01,-3.353036565391949719e-01,-1.087425934947717998e+00,-1.308944436677114131e+00,9.779895115198182776e-01,-2.617954204062704071e-01,1.570783649267723847e+00
6.840679449003000045e+05,9.000000000000000000e+00,-4.273088384125421357e-01,6.648663091636426437e-01,2.308531515711612359e-01,1.870125632394508131e-01,-7.862213084452334133e-01,-4.664659180210293798e-01,-2.677544758171607753e-01,6.108503244959109235e-01,-3.353036565391949719e-01,-1.087425934947717998e+00,-1.308944436677114131e+00,9.779895115198182776e-01,-2.617954204062704071e-01,1.570783649267723847e+00
6.840679502894999459e+05,9.000000000000000000e+00,-4.272958269683592158e-01,6.648846071452079176e-01,2.308312375599057276e-01,1.870125632394508131e-01,-7.861678930427981049e-01,-4.664659180210293798e-01,-2.677544758171607753e-01,6.108503244959109235e-01,-3.353036565391949719e-01,-1.087425934947717998e+00,-1.308944436677114131e+00,9.779895115198182776e-01,-2.617954204062704071e-01,1.570783649267723847e+00
6.840679542036999483e+05,9.000000000000000000e+00,-4.272828155241762405e-01,6.648937561359905546e-01,2.308312375599057276e-01,1.870296264295274180e-01,-7.861678930427981049e-01,-4.664659180210293798e-01,-2.677544758171607753e-01,6.108503244959109235e-01,-3.353036565391949719e-01,-1.087425934947717998e+00,-1.308944436677114131e+00,9.779895115198182776e-01,-2.617954204062704071e-01,1.570783649267723847e+00
6.840679610130999936e+05,1.000000000000000000e+01,-4.272698040799932651e-01,6.649029051267731916e-01,2.308421945655334817e-01,1.870296264295274180e-01,-7.862035033110882365e-01,-4.665426772637513153e-01,-2.677544758171607753e-01,6.108503244959109235e-01,-3.353036565391949719e-01,-1.087425934947717998e+00,-1.308944436677114131e+00,9.779895115198182776e-01,-2.617954204062704071e-01,1.570783649267723847e+00
6.840679669613000005e+05,1.000000000000000000e+01,-4.272698040799932651e-01,6.649120541175558285e-01,2.308641085767889900e-01,1.870296264295274180e-01,-7.862213084452334133e-01,-4.665426772637513153e-01,-2.677544758171607753e-01,6.108503244959109235e-01,-3.353036565391949719e-01,-1.087425934947717998e+00,-1.308944436677114131e+00,9.779895115198182776e-01,-2.617954204062704071e-01,1.570783649267723847e+00
6.840679710155000212e+05,1.000000000000000000e+01,-4.272567926358103452e-01,6.649120541175558285e-01,2.308860225880444983e-01,1.870296264295274180e-01,-7.862569187135235449e-01,-4.666194365064731953e-01,-2.677544758171607753e-01,6.108503244959109235e-01,-3.353036565391949719e-01,-1.087425934947717998e+00,-1.308944436677114131e+00,9.779895115198182776e-01,-2.617954204062704071e-01,1.570783649267723847e+00
6.840679768207999878e+05,1.000000000000000000e+01,-4.272567926358103452e-01,6.649120541175558285e-01,2.309298506105555149e-01,1.870296264295274180e-01,-7.863103341159588533e-01,-4.666194365064731953e-01,-2.677544758171607753e-01,6.108503244959109235e-01,-3.353036565391949719e-01,-1.087425934947717998e+00,-1.308944436677114131e+00,9.779895115198182776e-01,-2.617954204062704071e-01,1.570783649267723847e+00
6.840679824195000110e+05,1.000000000000000000e+01,-4.272437811916273698e-01,6.649120541175558285e-01,2.310284636612053299e-01,1.870466896196039952e-01,-7.863103341159588533e-01,-4.666194365064731953e-01,-2.677544758171607753e-01,6.108503244959109235e-01,-3.353036565391949719e-01,-1.087425934947717998e+00,-1.308944436677114131e+00,9.779895115198182776e-01,-2.617954204062704071e-01,1.570783649267723847e+00
6.840679862397999968e+05,1.000000000000000000e+01,-4.272307697474443944e-01,6.649212031083383545e-01,2.310942056949718548e-01,1.870466896196039952e-01,-7.862747238476687217e-01,-4.665810568851122553e-01,-2.677544758171607753e-01,6.108503244959109235e-01,-3.353036565391949719e-01,-1.087425934947717998e+00,-1.308944436677114131e+00,9.779895115198182776e-01,-2.617954204062704071e-01,1.570783649267723847e+00
6.840679903636999661e+05,1.000000000000000000e+01,-4.272307697474443944e-01,6.649303520991209915e-01,2.311599477287383797e-01,1.870466896196039952e-01,-7.862035033110882365e-01,-4.665426772637513153e-01,-2.677544758171607753e-01,6.108503244959109235e-01,-3.353036565391949719e-01,-1.087425934947717998e+00,-1.308944436677114131e+00,9.779895115198182776e-01,-2.617954204062704071e-01,1.570783649267723847e+00
6.840679942898999434e+05,1.000000000000000000e+01,-4.272177583032614745e-01,6.649395010899036285e-01,2.312256897625049046e-01,1.870466896196039952e-01,-7.860966725062176197e-01,-4.665042976423903198e-01,-2.677544758171607753e-01,6.108503244959109235e-01,-3.353036565391949719e-01,-1.087425934947717998e+00,-1.308944436677114131e+00,9.779895115198182776e-01,-2.617954204062704071e-01,1.570783649267723847e+00
6.840679983407000545e+05,1.000000000000000000e+01,-4.272177583032614745e-01,6.649577990714689024e-01,2.312914317962714295e-01,1.870637528096806002e-01,-7.859364262989118055e-01,-4.665042976423903198e-01,-2.677544758171607753e-01,6.108503244959109235e-01,-3.353036565391949719e-01,-1.087425934947717998e+00,-1.308944436677114131e+00,9.779895115198182776e-01,-2.617954204062704071e-01,1.570783649267723847e+00
6.840680023691999959e+05,1.000000000000000000e+01,-4.272047468590784991e-01,6.649852460438167023e-01,2.313462168244102002e-01,1.870808159997571773e-01,-7.857761800916058803e-01,-4.665042976423903198e-01,-2.677544758171607753e-01,6.108503244959109235e-01,-3.353036565391949719e-01,-1.087425934947717998e+00,-1.308944436677114131e+00,9.779895115198182776e-01,-2.617954204062704071e-01,1.570783649267723847e+00
6.840680066056000069e+05,1.000000000000000000e+01,-4.271917354148955237e-01,6.650126930161646133e-01,2.314119588581767251e-01,1.870808159997571773e-01,-7.855803236160097125e-01,-4.665810568851122553e-01,-2.677544758171607753e-01,6.108503244959109235e-01,-3.353036565391949719e-01,-1.087425934947717998e+00,-1.308944436677114131e+00,9.779895115198182776e-01,-2.617954204062704071e-01,1.570783649267723847e+00
6.840680104325000430e+05,1.000000000000000000e+01,-4.271917354148955237e-01,6.650492889792950502e-01,2.314667438863154958e-01,1.870808159997571773e-01,-7.854022722745587215e-01,-4.665426772637513153e-01,-2.677544758171607753e-01,6.108503244959109235e-01,-3.353036565391949719e-01,-1.087425934947717998e+00,-1.308944436677114131e+00,9.779895115198182776e-01,-2.617954204062704071e-01,1.570783649267723847e+00
6.840680143811999587e+05,1.000000000000000000e+01,-4.271787239707126038e-01,6.650858849424254871e-01,2.315215289144542665e-01,1.870808159997571773e-01,-7.853132466038331705e-01,-4.666194365064731953e-01,-2.677544758171607753e-01,6.108503244959109235e-01,-3.353036565391949719e-01,-1.087425934947717998e+00,-1.308944436677114131e+00,9.779895115198182776e-01,-2.617954204062704071e-01,1.570783649267723847e+00
6.840680182988999877e+05,1.000000000000000000e+01,-4.271787239707126038e-01,6.651316298963386719e-01,2.315872709482207914e-01,1.870808159997571773e-01,-7.853132466038331705e-01,-4.666578161278341352e-01,-2.677544758171607753e-01,6.108503244959109235e-01,-3.353036565391949719e-01,-1.087425934947717998e+00,-1.308944436677114131e+00,9.779895115198182776e-01,-2.617954204062704071e-01,1.570783649267723847e+00
6.840680224669999443e+05,1.000000000000000000e+01,-4.271657125265296284e-01,6.651773748502517458e-01,2.316420559763595899e-01,1.870808159997571773e-01,-7.853132466038331705e-01,-4.666961957491951307e-01,-2.677544758171607753e-01,6.108503244959109235e-01,-3.353036565391949719e-01,-1.087425934947717998e+00,-1.308944436677114131e+00,9.779895115198182776e-01,-2.617954204062704071e-01,1.570783649267723847e+00
6.840680263693999732e+05,1.000000000000000000e+01,-4.271657125265296284e-01,6.652231198041648197e-01,2.316968410044983606e-01,1.870808159997571773e-01,-7.853132466038331705e-01,-4.666961957491951307e-01,-2.677544758171607753e-01,6.108503244959109235e-01,-3.353036565391949719e-01,-1.087425934947717998e+00,-1.308944436677114131e+00,9.779895115198182776e-01,-2.617954204062704071e-01,1.570783649267723847e+00
6.840680310699000256e+05,1.000000000000000000e+01,-4.271527010823466530e-01,6.652688647580778936e-01,2.317516260326371313e-01,1.870808159997571773e-01,-7.853310517379783473e-01,-4.667345753705560707e-01,-2.677544758171607753e-01,6.108503244959109235e-01,-3.353036565391949719e-01,-1.087425934947717998e+00,-1.308944436677114131e+00,9.779895115198182776e-01,-2.617954204062704071e-01,1.570783649267723847e+00
6.840680352786999429e+05,1.000000000000000000e+01,-4.271527010823466530e-01,6.653146097119909674e-01,2.318064110607759021e-01,1.870808159997571773e-01,-7.853488568721234131e-01,-4.667345753705560707e-01,-2.677544758171607753e-01,6.108503244959109235e-01,-3.353036565391949719e-01,-1.087425934947717998e+00,-1.308944436677114131e+00,9.779895115198182776e-01,-2.617954204062704071e-01,1.570783649267723847e+00
6.840680391216999851e+05,1.000000000000000000e+01,-4.271396896381636776e-01,6.653695036566866783e-01,2.318721530945424270e-01,1.870808159997571773e-01,-7.853844671404136557e-01,-4.667345753705560707e-01,-2.677544758171607753e-01,6.108503244959109235e-01,-3.353036565391949719e-01,-1.087425934947717998e+00,-1.308944436677114131e+00,9.779895115198182776e-01,-2.617954204062704071e-01,1.570783649267723847e+00
6.840680431462000124e+05,1.000000000000000000e+01,-4.271396896381636776e-01,6.654152486105997522e-01,2.319378951283089518e-01,1.870808159997571773e-01,-7.854022722745587215e-01,-4.667345753705560707e-01,-2.677544758171607753e-01,6.108503244959109235e-01,-3.353036565391949719e-01,-1.087425934947717998e+00,-1.308944436677114131e+00,9.779895115198182776e-01,-2.617954204062704071e-01,1.570783649267723847e+00
6.840680492409999715e+05,1.100000000000000000e+01,-4.271266781939807577e-01,6.655158875092085369e-01,2.320693791958420016e-01,1.870808159997571773e-01,-7.854734928111390957e-01,-4.667345753705560707e-01,-2.677544758171607753e-01,6.108503244959109235e-01,-3.353036565391949719e-01,-1.087425934947717998e+00,-1.308944436677114131e+00,9.779895115198182776e-01,-2.617954204062704071e-01,1.570783649267723847e+00
6.840680544572999934e+05,1.100000000000000000e+01,-4.271136667497977824e-01,6.655616324631217218e-01,2.321460782352362806e-01,1.870808159997571773e-01,-7.854734928111390957e-01,-4.667345753705560707e-01,-2.677544758171607753e-01,6.108503244959109235e-01,-3.353036565391949719e-01,-1.087425934947717998e+00,-1.308944436677114131e+00,9.779895115198182776e-01,-2.617954204062704071e-01,1.570783649267723847e+00
6.840680588346000295e+05,1.100000000000000000e+01,-4.271136667497977824e-01,6.656073774170347956e-01,2.322008632633750513e-01,1.870808159997571773e-01,-7.854734928111390957e-01,-4.667345753705560707e-01,-2.677544758171607753e-01,6.108503244959109235e-01,-3.353036565391949719e-01,-1.087425934947717998e+00,-1.308944436677114131e+00,9.779895115198182776e-01,-2.617954204062704071e-01,1.570796326794896558e+00
6.840680656722000567e+05,1.200000000000000000e+01,-4.271006553056148070e-01,6.656805693432956694e-01,2.323323473309081011e-01,1.870808159997571773e-01,-7.854734928111390957e-01,-4.667729549919170107e-01,-2.677544758171607753e-01,6.108503244959109235e-01,-3.353036565391949719e-01,-1.087425934947717998e+00,-1.308944436677114131e+00,9.779895115198182776e-01,-2.617954204062704071e-01,1.570796326794896558e+00
6.840680715514000040e+05,1.200000000000000000e+01,-4.270876438614318871e-01,6.657171653064262173e-01,2.323871323590468996e-01,1.870808159997571773e-01,-7.854734928111390957e-01,-4.667729549919170107e-01,-2.677544758171607753e-01,6.108503244959109235e-01,-3.353036565391949719e-01,-1.087443928857253272e+00,-1.308944436677114131e+00,9.779895115198182776e-01,-2.617954204062704071e-01,1.570783649267723847e+00
6.840680756760999793e+05,1.200000000000000000e+01,-4.270876438614318871e-01,6.657537612695566542e-01,2.324528743928134245e-01,1.870808159997571773e-01,-7.854734928111390957e-01,-4.668113346132779506e-01,-2.677544758171607753e-01,6.108503244959109235e-01,-3.353036565391949719e-01,-1.087443928857253272e+00,-1.308944436677114131e+00,9.779895115198182776e-01,-2.617954204062704071e-01,1.570783649267723847e+00
6.840680801762000192e+05,1.200000000000000000e+01,-4.270746324172489117e-01,6.657812082419045652e-01,2.325076594209521952e-01,1.870808159997571773e-01,-7.854734928111390957e-01,-4.668113346132779506e-01,-2.677544758171607753e-01,6.108503244959109235e-01,-3.353036565391949719e-01,-1.087443928857253272e+00,-1.308944436677114131e+00,9.779895115198182776e-01,-2.617954204062704071e-01,1.570796326794896558e+00
6.840680865410000551e+05,1.200000000000000000e+01,-4.270616209730659363e-01,6.658452511773828020e-01,2.326062724716019825e-01,1.870978791898337823e-01,-7.854734928111390957e-01,-4.668497142346389461e-01,-2.677544758171607753e-01,6.108503244959109235e-01,-3.353036565391949719e-01,-1.087443928857253272e+00,-1.308944436677114131e+00,9.779895115198182776e-01,-2.617954204062704071e-01,1.570783649267723847e+00
6.840680906646000221e+05,1.200000000000000000e+01,-4.270616209730659363e-01,6.658635491589480759e-01,2.326391434884852449e-01,1.870978791898337823e-01,-7.854556876769940299e-01,-4.668497142346389461e-01,-2.677544758171607753e-01,6.108503244959109235e-01,-3.353036565391949719e-01,-1.087443928857253272e+00,-1.308944436677114131e+00,9.779895115198182776e-01,-2.617954204062704071e-01,1.570796326794896558e+00
6.840680945173000218e+05,1.200000000000000000e+01,-4.270486095288830164e-01,6.658909961312958758e-01,2.326829715109962615e-01,1.870978791898337823e-01,-7.854556876769940299e-01,-4.668497142346389461e-01,-2.677544758171607753e-01,6.108503244959109235e-01,-3.353036565391949719e-01,-1.087443928857253272e+00,-1.308944436677114131e+00,9.779895115198182776e-01,-2.617954204062704071e-01,1.570783649267723847e+00
6.840680985366000095e+05,1.200000000000000000e+01,-4.270355980847000410e-01,6.659092941128611498e-01,2.327158425278795240e-01,1.870978791898337823e-01,-7.854378825428489641e-01,-4.668497142346389461e-01,-2.677544758171607753e-01,6.108503244959109235e-01,-3.353036565391949719e-01,-1.087443928857253272e+00,-1.308944436677114131e+00,9.779895115198182776e-01,-2.617954204062704071e-01,1.570796326794896558e+00
6.840681057422000449e+05,1.300000000000000000e+01,-4.270225866405170656e-01,6.659458900759915867e-01,2.327596705503905405e-01,1.871149423799103595e-01,-7.854556876769940299e-01,-4.668880938559998861e-01,-2.677544758171607753e-01,6.108503244959109235e-01,-3.353036565391949719e-01,-1.087443928857253272e+00,-1.308944436677114131e+00,9.779895115198182776e-01,-2.617954204062704071e-01,1.570796326794896558e+00
6.840681106628000271e+05,1.300000000000000000e+01,-4.270095751963340902e-01,6.659641880575568607e-01,2.327815845616460488e-01,1.871320055699869644e-01,-7.854556876769940299e-01,-4.668880938559998861e-01,-2.677544758171607753e-01,6.108503244959109235e-01,-3.353036565391949719e-01,-1.087443928857253272e+00,-1.308944436677114131e+00,9.779895115198182776e-01,-2.617954204062704071e-01,1.570796326794896558e+00
6.840681146107000532e+05,1.300000000000000000e+01,-4.269965637521511703e-01,6.659733370483394976e-01,2.327925415672738030e-01,1.871490687600635694e-01,-7.854556876769940299e-01,-4.669264734773608261e-01,-2.677544758171607753e-01,6.108503244959109235e-01,-3.353036565391949719e-01,-1.087443928857253272e+00,-1.308944436677114131e+00,9.779895115198182776e-01,-2.617954204062704071e-01,1.570796326794896558e+00
6.840681210145000368e+05,1.300000000000000000e+01,-4.269705408637852195e-01,6.659733370483394976e-01,2.328034985729015571e-01,1.871661319501401466e-01,-7.854378825428489641e-01,-4.669648530987217661e-01,-2.677544758171607753e-01,6.108503244959109235e-01,-3.353036565391949719e-01,-1.087443928857253272e+00,-1.308944436677114131e+00,9.779895115198182776e-01,-2.617954204062704071e-01,1.570796326794896558e+00
6.840681265848999610e+05,1.300000000000000000e+01,-4.269445179754193243e-01,6.659824860391221346e-01,2.328034985729015571e-01,1.872173215203699337e-01,-7.854378825428489641e-01,-4.670416123414437015e-01,-2.677544758171607753e-01,6.108503244959109235e-01,-3.353036565391949719e-01,-1.087443928857253272e+00,-1.308944436677114131e+00,9.779895115198182776e-01,-2.617954204062704071e-01,1.570796326794896558e+00
6.840681306764000328e+05,1.300000000000000000e+01,-4.269315065312363489e-01,6.659916350299047716e-01,2.328034985729015571e-01,1.872514479005231158e-01,-7.854378825428489641e-01,-4.670416123414437015e-01,-2.677544758171607753e-01,6.108503244959109235e-01,-3.353036565391949719e-01,-1.087443928857253272e+00,-1.308944436677114131e+00,9.779895115198182776e-01,-2.617954204062704071e-01,1.570796326794896558e+00
6.840681346813000273e+05,1.300000000000000000e+01,-4.269054836428704536e-01,6.659916350299047716e-01,2.328034985729015571e-01,1.872685110905996930e-01,-7.854378825428489641e-01,-4.670416123414437015e-01,-2.677544758171607753e-01,6.108503244959109235e-01,-3.353036565391949719e-01,-1.087443928857253272e+00,-1.308944436677114131e+00,9.779895115198182776e-01,-2.617954204062704071e-01,1.570796326794896558e+00
6.840681388586000539e+05,1.300000000000000000e+01,-4.268924721986874782e-01,6.659916350299047716e-01,2.328034985729015571e-01,1.872855742806762980e-01,-7.854200774087037873e-01,-4.670799919628046415e-01,-2.677544758171607753e-01,6.108503244959109235e-01,-3.353036565391949719e-01,-1.087443928857253272e+00,-1.308944436677114131e+00,9.779895115198182776e-01,-2.617954204062704071e-01,1.570796326794896558e+00
6.840681426120999968e+05,1.300000000000000000e+01,-4.268664493103215829e-01,6.659916350299047716e-01,2.328034985729015571e-01,1.873026374707528752e-01,-7.854200774087037873e-01,-4.670799919628046415e-01,-2.677544758171607753e-01,6.108503244959109235e-01,-3.353036565391949719e-01,-1.087443928857253272e+00,-1.308944436677114131e+00,9.779895115198182776e-01,-2.617954204062704071e-01,1.570796326794896558e+00
6.840681466459999792e+05,1.300000000000000000e+01,-4.268534378661386075e-01,6.659916350299047716e-01,2.328034985729015571e-01,1.873026374707528752e-01,-7.854022722745587215e-01,-4.670799919628046415e-01,-2.677544758171607753e-01,6.108503244959109235e-01,-3.353036565391949719e-01,-1.087443928857253272e+00,-1.308944436677114131e+00,9.779895115198182776e-01,-2.617954204062704071e-01,1.570796326794896558e+00
6.840681537464000285e+05,1.400000000000000000e+01,-4.268144035335897368e-01,6.659824860391221346e-01,2.328034985729015571e-01,1.873367638509060573e-01,-7.853844671404136557e-01,-4.671567512055265214e-01,-2.677544758171607753e-01,6.108503244959109235e-01,-3.353036565391949719e-01,-1.087443928857253272e+00,-1.308944436677114131e+00,9.779895115198182776e-01,-2.617954204062704071e-01,1.570796326794896558e+00
6.840681581842999440e+05,1.400000000000000000e+01,-4.267883806452238415e-01,6.659824860391221346e-01,2.328034985729015571e-01,1.873538270409826623e-01,-7.853844671404136557e-01,-4.671951308268875169e-01,-2.677544758171607753e-01,6.108503244959109235e-01,-3.353036565391949719e-01,-1.087443928857253272e+00,-1.308944436677114131e+00,9.779895115198182776e-01,-2.617954204062704071e-01,1.570796326794896558e+00
6.840681628522999818e+05,1.400000000000000000e+01,-4.267753692010408662e-01,6.659824860391221346e-01,2.328034985729015571e-01,1.873708902310592672e-01,-7.853844671404136557e-01,-4.671951308268875169e-01,-2.677544758171607753e-01,6.108503244959109235e-01,-3.353036565391949719e-01,-1.087443928857253272e+00,-1.308944436677114131e+00,9.779895115198182776e-01,-2.617954204062704071e-01,1.570796326794896558e+00
6.840681666658000322e+05,1.400000000000000000e+01,-4.267493463126749709e-01,6.659824860391221346e-01,2.328034985729015571e-01,1.873708902310592672e-01,-7.853844671404136557e-01,-4.672335104482484569e-01,-2.677544758171607753e-01,6.108503244959109235e-01,-3.353036565391949719e-01,-1.087443928857253272e+00,-1.308944436677114131e+00,9.779895115198182776e-01,-2.617954204062704071e-01,1.570796326794896558e+00
6.840681713089999976e+05,1.400000000000000000e+01,-4.267233234243090201e-01,6.659824860391221346e-01,2.328034985729015571e-01,1.873879534211358444e-01,-7.853666620062684789e-01,-4.672335104482484569e-01,-2.677544758171607753e-01,6.108503244959109235e-01,-3.353036565391949719e-01,-1.087443928857253272e+00,-1.308944436677114131e+00,9.779895115198182776e-01,-2.617954204062704071e-01,1.570796326794896558e+00
6.840681778063999955e+05,1.500000000000000000e+01,-4.266842890917601494e-01,6.659824860391221346e-01,2.328034985729015571e-01,1.874220798012890266e-01,-7.853666620062684789e-01,-4.672718900696093969e-01,-2.677544758171607753e-01,6.108503244959109235e-01,-3.353036565391949719e-01,-1.087443928857253272e+00,-1.308944436677114131e+00,9.779895115198182776e-01,-2.617954204062704071e-01,1.570796326794896558e+00
6.840681861032999586e+05,1.500000000000000000e+01,-4.266452547592112787e-01,6.659824860391221346e-01,2.328034985729015571e-01,1.874562061814422087e-01,-7.853488568721234131e-01,-4.673486493123313323e-01,-2.677544758171607753e-01,6.108503244959109235e-01,-3.353036565391949719e-01,-1.087443928857253272e+00,-1.308944436677114131e+00,9.779895115198182776e-01,-2.617954204062704071e-01,1.570796326794896558e+00
6.840681909109000117e+05,1.500000000000000000e+01,-4.266322433150283033e-01,6.659916350299047716e-01,2.328034985729015571e-01,1.874562061814422087e-01,-7.853488568721234131e-01,-4.673870289336922723e-01,-2.677544758171607753e-01,6.108503244959109235e-01,-3.353036565391949719e-01,-1.087443928857253272e+00,-1.308944436677114131e+00,9.779895115198182776e-01,-2.617954204062704071e-01,1.570796326794896558e+00
6.840681947954000207e+05,1.500000000000000000e+01,-4.266062204266624081e-01,6.659916350299047716e-01,2.328034985729015571e-01,1.874732693715188137e-01,-7.853488568721234131e-01,-4.673870289336922723e-01,-2.677544758171607753e-01,6.108503244959109235e-01,-3.353036565391949719e-01,-1.087443928857253272e+00,-1.308944436677114131e+00,9.779895115198182776e-01,-2.617954204062704071e-01,1.570796326794896558e+00
6.840681987434000475e+05,1.500000000000000000e+01,-4.265932089824794327e-01,6.660007840206872975e-01,2.328034985729015571e-01,1.874732693715188137e-01,-7.853310517379783473e-01,-4.674637881764141523e-01,-2.677544758171607753e-01,6.108503244959109235e-01,-3.353036565391949719e-01,-1.087443928857253272e+00,-1.308944436677114131e+00,9.779895115198182776e-01,-2.617954204062704071e-01,1.570796326794896558e+00
6.840682028135999572e+05,1.500000000000000000e+01,-4.265801975382964573e-01,6.660099330114699345e-01,2.328034985729015571e-01,1.874732693715188137e-01,-7.853132466038331705e-01,-4.675021677977751478e-01,-2.677544758171607753e-01,6.108503244959109235e-01,-3.353036565391949719e-01,-1.087443928857253272e+00,-1.308944436677114131e+00,9.779895115198182776e-01,-2.617954204062704071e-01,1.570796326794896558e+00
6.840682067958000116e+05,1.500000000000000000e+01,-4.265671860941135374e-01,6.660190820022525715e-01,2.328144555785293113e-01,1.874732693715188137e-01,-7.852954414696881047e-01,-4.675021677977751478e-01,-2.677544758171607753e-01,6.108503244959109235e-01,-3.353036565391949719e-01,-1.087443928857253272e+00,-1.308944436677114131e+00,9.779895115198182776e-01,-2.617954204062704071e-01,1.570796326794896558e+00
6.840682109467999544e+05,1.500000000000000000e+01,-4.265541746499305620e-01,6.660282309930352085e-01,2.328144555785293113e-01,1.874732693715188137e-01,-7.852954414696881047e-01,-4.675021677977751478e-01,-2.677544758171607753e-01,6.108503244959109235e-01,-3.353036565391949719e-01,-1.087443928857253272e+00,-1.308944436677114131e+00,9.779895115198182776e-01,-2.617954204062704071e-01,1.570796326794896558e+00
6.840682151394999819e+05,1.500000000000000000e+01,-4.265411632057475866e-01,6.660373799838178455e-01,2.328363695897848196e-01,1.874732693715188137e-01,-7.852776363355430389e-01,-4.675021677977751478e-01,-2.677544758171607753e-01,6.108503244959109235e-01,-3.353036565391949719e-01,-1.087443928857253272e+00,-1.308944436677114131e+00,9.779895115198182776e-01,-2.617954204062704071e-01,1.570796326794896558e+00
6.840682198422000511e+05,1.500000000000000000e+01,-4.265281517615646667e-01,6.660556779653830084e-01,2.328582836010403279e-01,1.874732693715188137e-01,-7.852598312013978621e-01,-4.675405474191360877e-01,-2.677544758171607753e-01,6.108503244959109235e-01,-3.353036565391949719e-01,-1.087443928857253272e+00,-1.308944436677114131e+00,9.779895115198182776e-01,-2.617954204062704071e-01,1.570796326794896558e+00
6.840682263318999903e+05,1.500000000000000000e+01,-4.265021288731987159e-01,6.661014229192961933e-01,2.329240256348068527e-01,1.874732693715188137e-01,-7.852598312013978621e-01,-4.675789270404970277e-01,-2.677544758171607753e-01,6.108503244959109235e-01,-3.353036565391949719e-01,-1.087443928857253272e+00,-1.308944436677114131e+00,9.779895115198182776e-01,-2.617954204062704071e-01,1.570796326794896558e+00
6.840682302410999546e+05,1.500000000000000000e+01,-4.264891174290157960e-01,6.661288698916439932e-01,2.329678536573178693e-01,1.874732693715188137e-01,-7.852598312013978621e-01,-4.676173066618579677e-01,-2.677544758171607753e-01,6.108503244959109235e-01,-3.353036565391949719e-01,-1.087443928857253272e+00,-1.308944436677114131e+00,9.779895115198182776e-01,-2.617954204062704071e-01,1.570796326794896558e+00
6.840682341548999539e+05,1.500000000000000000e+01,-4.264761059848328206e-01,6.661563168639919041e-01,2.330116816798288859e-01,1.874732693715188137e-01,-7.852776363355430389e-01,-4.676556862832189632e-01,-2.677544758171607753e-01,6.108503244959109235e-01,-3.353036565391949719e-01,-1.087443928857253272e+00,-1.308944436677114131e+00,9.779895115198182776e-01,-2.617954204062704071e-01,1.570796326794896558e+00
6.840682381952999858e+05,1.500000000000000000e+01,-4.264630945406498452e-01,6.661929128271223410e-01,2.330664667079676844e-01,1.874732693715188137e-01,-7.852776363355430389e-01,-4.676940659045799031e-01,-2.677544758171607753e-01,6.108503244959109235e-01,-3.353036565391949719e-01,-1.087443928857253272e+00,-1.308944436677114131e+00,9.779895115198182776e-01,-2.617954204062704071e-01,1.570796326794896558e+00
6.840682420266000554e+05,1.500000000000000000e+01,-4.264500830964669253e-01,6.662295087902527779e-01,2.331212517361064551e-01,1.874732693715188137e-01,-7.852776363355430389e-01,-4.676940659045799031e-01,-2.677544758171607753e-01,6.108503244959109235e-01,-3.353036565391949719e-01,-1.087443928857253272e+00,-1.308944436677114131e+00,9.779895115198182776e-01,-2.617954204062704071e-01,1.570796326794896558e+00
6.840682463566999650e+05,1.500000000000000000e+01,-4.264500830964669253e-01,6.662752537441658518e-01,2.331760367642452259e-01,1.874732693715188137e-01,-7.852776363355430389e-01,-4.676940659045799031e-01,-2.677544758171607753e-01,6.108503244959109235e-01,-3.353036565391949719e-01,-1.087443928857253272e+00,-1.308944436677114131e+00,9.779895115198182776e-01,-2.617954204062704071e-01,1.570796326794896558e+00
6.840682501707000192e+05,1.500000000000000000e+01,-4.264370716522839500e-01,6.663118497072963997e-01,2.332417787980117507e-01,1.874732693715188137e-01,-7.852776363355430389e-01,-4.677324455259408431e-01,-2.677544758171607753e-01,6.108503244959109235e-01,-3.353036565391949719e-01,-1.087443928857253272e+00,-1.308944436677114131e+00,9.779895115198182776e-01,-2.617954204062704071e-01,1.570796326794896558e+00
6.840682539688999532e+05,1.500000000000000000e+01,-4.264240602081009746e-01,6.663484456704268366e-01,2.333075208317782756e-01,1.874732693715188137e-01,-7.852776363355430389e-01,-4.677324455259408431e-01,-2.677544758171607753e-01,6.108503244959109235e-01,-3.353036565391949719e-01,-1.087443928857253272e+00,-1.308944436677114131e+00,9.779895115198182776e-01,-2.617954204062704071e-01,1.570796326794896558e+00
6.840682583022000035e+05,1.500000000000000000e+01,-4.264240602081009746e-01,6.663941906243399105e-01,2.333732628655448005e-01,1.874732693715188137e-01,-7.852776363355430389e-01,-4.677324455259408431e-01,-2.677544758171607753e-01,6.108503244959109235e-01,-3.353036565391949719e-01,-1.087443928857253272e+00,-1.308944436677114131e+00,9.779895115198182776e-01,-2.617954204062704071e-01,1.570796326794896558e+00
6.840682630881000077e+05,1.500000000000000000e+01,-4.264110487639179992e-01,6.664307865874703474e-01,2.334499619049390795e-01,1.874732693715188137e-01,-7.852776363355430389e-01,-4.677324455259408431e-01,-2.677544758171607753e-01,6.108503244959109235e-01,-3.353036565391949719e-01,-1.087443928857253272e+00,-1.308944436677114131e+00,9.779895115198182776e-01,-2.617954204062704071e-01,1.570796326794896558e+00
6.840682671050999779e+05,1.500000000000000000e+01,-4.263980373197350793e-01,6.664765315413835323e-01,2.335157039387056044e-01,1.874732693715188137e-01,-7.852776363355430389e-01,-4.677708251473017831e-01,-2.677544758171607753e-01,6.108503244959109235e-01,-3.353036565391949719e-01,-1.087443928857253272e+00,-1.308944436677114131e+00,9.779895115198182776e-01,-2.617954204062704071e-01,1.570796326794896558e+00
6.840682710501999827e+05,1.500000000000000000e+01,-4.263980373197350793e-01,6.665222764952966061e-01,2.335814459724721293e-01,1.874732693715188137e-01,-7.852776363355430389e-01,-4.677708251473017831e-01,-2.677544758171607753e-01,6.108503244959109235e-01,-3.353036565391949719e-01,-1.087443928857253272e+00,-1.308944436677114131e+00,9.779895115198182776e-01,-2.617954204062704071e-01,1.570796326794896558e+00
6.840682749371000100e+05,1.500000000000000000e+01,-4.263850258755521039e-01,6.665680214492096800e-01,2.336471880062386541e-01,1.874732693715188137e-01,-7.852776363355430389e-01,-4.678092047686627786e-01,-2.677544758171607753e-01,6.108503244959109235e-01,-3.353036565391949719e-01,-1.087443928857253272e+00,-1.308944436677114131e+00,9.779895115198182776e-01,-2.617954204062704071e-01,1.570796326794896558e+00
6.840682795388000086e+05,1.500000000000000000e+01,-4.263720144313691285e-01,6.666046174123401169e-01,2.337129300400051790e-01,1.874732693715188137e-01,-7.852776363355430389e-01,-4.678092047686627786e-01,-2.677544758171607753e-01,6.108503244959109235e-01,-3.353036565391949719e-01,-1.087443928857253272e+00,-1.308944436677114131e+00,9.779895115198182776e-01,-2.617954204062704071e-01,1.570796326794896558e+00
6.840682850477000466e+05,1.500000000000000000e+01,-4.263720144313691285e-01,6.666503623662531908e-01,2.337786720737717316e-01,1.874732693715188137e-01,-7.852954414696881047e-01,-4.678475843900237185e-01,-2.677544758171607753e-01,6.108503244959109235e-01,-3.353036565391949719e-01,-1.087443928857253272e+00,-1.308944436677114131e+00,9.779895115198182776e-01,-2.617954204062704071e-01,1.570796326794896558e+00
6.840682895667999983e+05,1.500000000000000000e+01,-4.263459915430032332e-01,6.667235542925141756e-01,2.338991991356770273e-01,1.874732693715188137e-01,-7.852954414696881047e-01,-4.678475843900237185e-01,-2.677544758171607753e-01,6.108503244959109235e-01,-3.353036565391949719e-01,-1.087443928857253272e+00,-1.308944436677114131e+00,9.779895115198182776e-01,-2.617954204062704071e-01,1.570796326794896558e+00
6.840682943091000197e+05,1.500000000000000000e+01,-4.263459915430032332e-01,6.667601502556446125e-01,2.339539841638157980e-01,1.874732693715188137e-01,-7.853132466038331705e-01,-4.678859640113846585e-01,-2.677544758171607753e-01,6.108503244959109235e-01,-3.353036565391949719e-01,-1.087443928857253272e+00,-1.308944436677114131e+00,9.779895115198182776e-01,-2.617954204062704071e-01,1.570796326794896558e+00
6.840682982691000216e+05,1.500000000000000000e+01,-4.263329800988202578e-01,6.667875972279925234e-01,2.340087691919545687e-01,1.874732693715188137e-01,-7.853132466038331705e-01,-4.678859640113846585e-01,-2.677544758171607753e-01,6.108503244959109235e-01,-3.353036565391949719e-01,-1.087443928857253272e+00,-1.308944436677114131e+00,9.779895115198182776e-01,-2.617954204062704071e-01,1.570796326794896558e+00
6.840683022151000332e+05,1.500000000000000000e+01,-4.263329800988202578e-01,6.668241931911229603e-01,2.340635542200933394e-01,1.874732693715188137e-01,-7.853132466038331705e-01,-4.678859640113846585e-01,-2.677544758171607753e-01,6.108503244959109235e-01,-3.353036565391949719e-01,-1.087443928857253272e+00,-1.308944436677114131e+00,9.779895115198182776e-01,-2.617954204062704071e-01,1.570796326794896558e+00
6.840683063593000406e+05,1.500000000000000000e+01,-4.263199686546373379e-01,6.668607891542535082e-01,2.341073822426043560e-01,1.874732693715188137e-01,-7.853132466038331705e-01,-4.679243436327455985e-01,-2.677544758171607753e-01,6.108503244959109235e-01,-3.353036565391949719e-01,-1.087443928857253272e+00,-1.308944436677114131e+00,9.779895115198182776e-01,-2.617954204062704071e-01,1.570796326794896558e+00
6.840683105229999637e+05,1.500000000000000000e+01,-4.263199686546373379e-01,6.668882361266013081e-01,2.341621672707431268e-01,1.874732693715188137e-01,-7.853132466038331705e-01,-4.679243436327455985e-01,-2.677544758171607753e-01,6.108503244959109235e-01,-3.353036565391949719e-01,-1.087443928857253272e+00,-1.308944436677114131e+00,9.779895115198182776e-01,-2.617954204062704071e-01,1.570796326794896558e+00
6.840683144243999850e+05,1.500000000000000000e+01,-4.263069572104543625e-01,6.669248320897317450e-01,2.342059952932541433e-01,1.874732693715188137e-01,-7.853132466038331705e-01,-4.679243436327455985e-01,-2.677544758171607753e-01,6.108503244959109235e-01,-3.353036565391949719e-01,-1.087443928857253272e+00,-1.308944436677114131e+00,9.779895115198182776e-01,-2.617954204062704071e-01,1.570796326794896558e+00
6.840683183028999483e+05,1.500000000000000000e+01,-4.263069572104543625e-01,6.669522790620796560e-01,2.342498233157651599e-01,1.874732693715188137e-01,-7.853310517379783473e-01,-4.679243436327455985e-01,-2.677544758171607753e-01,6.108503244959109235e-01,-3.353036565391949719e-01,-1.087443928857253272e+00,-1.308944436677114131e+00,9.779895115198182776e-01,-2.617954204062704071e-01,1.570796326794896558e+00
