timestamp,voltage,current,feedrate,energy
1.770323423126642227e+09,1.203999999999999915e+01,1.300999999999999943e+02,-1.076999999999999957e+01,9.000000000000000222e-01
1.770323423136510372e+09,1.203999999999999915e+01,1.300999999999999943e+02,-1.076999999999999957e+01,9.000000000000000222e-01
1.770323423146270990e+09,1.203999999999999915e+01,1.300999999999999943e+02,-1.076999999999999957e+01,9.000000000000000222e-01
1.770323423156293392e+09,1.203999999999999915e+01,1.300999999999999943e+02,-1.076999999999999957e+01,9.000000000000000222e-01
1.770323423166465282e+09,1.203999999999999915e+01,1.300999999999999943e+02,-1.076999999999999957e+01,9.000000000000000222e-01
1.770323423176509142e+09,1.203999999999999915e+01,1.300999999999999943e+02,-1.076999999999999957e+01,9.000000000000000222e-01
1.770323423186275482e+09,1.203999999999999915e+01,1.300999999999999943e+02,-1.076999999999999957e+01,9.000000000000000222e-01
1.770323423196237087e+09,1.203999999999999915e+01,1.300999999999999943e+02,-1.076999999999999957e+01,9.000000000000000222e-01
1.770323423206202030e+09,1.203999999999999915e+01,1.300999999999999943e+02,-1.076999999999999957e+01,9.000000000000000222e-01
1.770323423216066360e+09,1.203999999999999915e+01,1.300999999999999943e+02,-1.076999999999999957e+01,9.000000000000000222e-01
1.770323423226244688e+09,1.203999999999999915e+01,1.300999999999999943e+02,-1.076999999999999957e+01,9.000000000000000222e-01
1.770323423236223221e+09,1.203999999999999915e+01,1.300999999999999943e+02,-1.076999999999999957e+01,9.000000000000000222e-01
1.770323423246323347e+09,1.203999999999999915e+01,1.300999999999999943e+02,-1.076999999999999957e+01,9.000000000000000222e-01
1.770323423256276608e+09,1.203999999999999915e+01,1.300999999999999943e+02,-1.076999999999999957e+01,9.000000000000000222e-01
1.770323423266441822e+09,1.203999999999999915e+01,1.300999999999999943e+02,-1.076999999999999957e+01,9.000000000000000222e-01
1.770323423276653767e+09,1.203999999999999915e+01,1.300999999999999943e+02,-1.076999999999999957e+01,9.000000000000000222e-01
1.770323423286609411e+09,1.203999999999999915e+01,1.300999999999999943e+02,-1.076999999999999957e+01,9.000000000000000222e-01
1.770323423296762228e+09,1.203999999999999915e+01,1.300999999999999943e+02,-1.076999999999999957e+01,9.000000000000000222e-01
1.770323423306468010e+09,1.203999999999999915e+01,1.300999999999999943e+02,-1.076999999999999957e+01,9.000000000000000222e-01
1.770323423316262245e+09,1.203999999999999915e+01,1.300999999999999943e+02,-1.076999999999999957e+01,9.000000000000000222e-01
1.770323423326370955e+09,1.203999999999999915e+01,1.300999999999999943e+02,-1.076999999999999957e+01,9.000000000000000222e-01
1.770323423336359978e+09,1.203999999999999915e+01,1.300999999999999943e+02,-1.076999999999999957e+01,9.000000000000000222e-01
1.770323423346304178e+09,1.203999999999999915e+01,1.300999999999999943e+02,-1.076999999999999957e+01,9.000000000000000222e-01
1.770323423356309175e+09,1.203999999999999915e+01,1.300999999999999943e+02,-1.076999999999999957e+01,9.000000000000000222e-01
1.770323423366383314e+09,1.203999999999999915e+01,1.300999999999999943e+02,-1.076999999999999957e+01,9.000000000000000222e-01
1.770323423376486301e+09,1.203999999999999915e+01,1.300999999999999943e+02,-1.076999999999999957e+01,9.000000000000000222e-01
1.770323423386247158e+09,1.203999999999999915e+01,1.300999999999999943e+02,-1.076999999999999957e+01,9.000000000000000222e-01
1.770323423396093607e+09,1.203999999999999915e+01,1.300999999999999943e+02,-1.076999999999999957e+01,9.000000000000000222e-01
1.770323423406050444e+09,1.203999999999999915e+01,1.300999999999999943e+02,-1.076999999999999957e+01,9.000000000000000222e-01
1.770323423416301966e+09,1.203999999999999915e+01,1.300999999999999943e+02,-1.076999999999999957e+01,9.000000000000000222e-01
1.770323423426291943e+09,1.203999999999999915e+01,1.300999999999999943e+02,-1.076999999999999957e+01,9.000000000000000222e-01
1.770323423436445713e+09,1.203999999999999915e+01,1.300999999999999943e+02,-1.076999999999999957e+01,9.000000000000000222e-01
1.770323423446308851e+09,1.203999999999999915e+01,1.300999999999999943e+02,-1.076999999999999957e+01,9.000000000000000222e-01
1.770323423456184864e+09,1.203999999999999915e+01,1.300999999999999943e+02,-1.076999999999999957e+01,9.000000000000000222e-01
1.770323423466310501e+09,1.203999999999999915e+01,1.300999999999999943e+02,-1.076999999999999957e+01,9.000000000000000222e-01
1.770323423476263523e+09,1.203999999999999915e+01,1.300999999999999943e+02,-1.076999999999999957e+01,9.000000000000000222e-01
1.770323423486561060e+09,1.203999999999999915e+01,1.300999999999999943e+02,-1.076999999999999957e+01,9.000000000000000222e-01
1.770323423496211290e+09,1.203999999999999915e+01,1.300999999999999943e+02,-1.076999999999999957e+01,9.000000000000000222e-01
1.770323423506531715e+09,1.203999999999999915e+01,1.300999999999999943e+02,-1.076999999999999957e+01,9.000000000000000222e-01
1.770323423516300440e+09,1.203999999999999915e+01,1.300999999999999943e+02,-1.076999999999999957e+01,9.000000000000000222e-01
1.770323423526053429e+09,1.203999999999999915e+01,1.300999999999999943e+02,-1.076999999999999957e+01,9.000000000000000222e-01
1.770323423536188126e+09,1.203999999999999915e+01,1.300999999999999943e+02,-1.076999999999999957e+01,9.000000000000000222e-01
1.770323423546322584e+09,1.203999999999999915e+01,1.300999999999999943e+02,-1.076999999999999957e+01,9.000000000000000222e-01
1.770323423556247950e+09,1.203999999999999915e+01,1.300999999999999943e+02,-1.076999999999999957e+01,9.000000000000000222e-01
1.770323423566069603e+09,1.203999999999999915e+01,1.300999999999999943e+02,-1.076999999999999957e+01,9.000000000000000222e-01
1.770323423576755524e+09,1.203999999999999915e+01,1.300999999999999943e+02,-1.076999999999999957e+01,9.000000000000000222e-01
1.770323423586254597e+09,1.203999999999999915e+01,1.300999999999999943e+02,-1.076999999999999957e+01,9.000000000000000222e-01
1.770323423596535683e+09,1.203999999999999915e+01,1.300999999999999943e+02,-1.076999999999999957e+01,9.000000000000000222e-01
1.770323423606554031e+09,1.203999999999999915e+01,1.300999999999999943e+02,-1.076999999999999957e+01,9.000000000000000222e-01
1.770323423616330385e+09,1.203999999999999915e+01,1.300999999999999943e+02,-1.076999999999999957e+01,9.000000000000000222e-01
1.770323423626591682e+09,1.203999999999999915e+01,1.300999999999999943e+02,-1.076999999999999957e+01,9.000000000000000222e-01
1.770323423636216640e+09,1.203999999999999915e+01,1.300999999999999943e+02,-1.076999999999999957e+01,9.000000000000000222e-01
1.770323423646261454e+09,1.203999999999999915e+01,1.300999999999999943e+02,-1.076999999999999957e+01,9.000000000000000222e-01
1.770323423656483412e+09,1.203999999999999915e+01,1.300999999999999943e+02,-1.076999999999999957e+01,9.000000000000000222e-01
1.770323423666328907e+09,1.203999999999999915e+01,1.300999999999999943e+02,-1.076999999999999957e+01,9.000000000000000222e-01
1.770323423676266193e+09,1.203999999999999915e+01,1.300999999999999943e+02,-1.076999999999999957e+01,9.000000000000000222e-01
1.770323423687580109e+09,1.203999999999999915e+01,1.300999999999999943e+02,-1.076999999999999957e+01,9.000000000000000222e-01
1.770323423696365356e+09,1.203999999999999915e+01,1.300999999999999943e+02,-1.076999999999999957e+01,9.000000000000000222e-01
1.770323423706505775e+09,1.203999999999999915e+01,1.300999999999999943e+02,-1.076999999999999957e+01,9.000000000000000222e-01
1.770323423716288090e+09,1.203999999999999915e+01,1.300999999999999943e+02,-1.076999999999999957e+01,9.000000000000000222e-01
1.770323423726408005e+09,1.203999999999999915e+01,1.300999999999999943e+02,-1.076999999999999957e+01,9.000000000000000222e-01
1.770323423736261368e+09,1.203999999999999915e+01,1.300999999999999943e+02,-1.076999999999999957e+01,9.000000000000000222e-01
1.770323423749259949e+09,1.203999999999999915e+01,1.300999999999999943e+02,-1.076999999999999957e+01,9.000000000000000222e-01
1.770323423756100178e+09,1.203999999999999915e+01,1.300999999999999943e+02,-1.076999999999999957e+01,9.000000000000000222e-01
1.770323423766299725e+09,1.203999999999999915e+01,1.300999999999999943e+02,-1.076999999999999957e+01,9.000000000000000222e-01
1.770323423776426077e+09,1.203999999999999915e+01,1.300999999999999943e+02,-1.076999999999999957e+01,9.000000000000000222e-01
1.770323423786263704e+09,1.203999999999999915e+01,1.300999999999999943e+02,-1.076999999999999957e+01,9.000000000000000222e-01
1.770323423796156168e+09,1.203999999999999915e+01,1.300999999999999943e+02,-1.076999999999999957e+01,9.000000000000000222e-01
1.770323423806335926e+09,1.203999999999999915e+01,1.300999999999999943e+02,-1.076999999999999957e+01,9.000000000000000222e-01
1.770323423816311598e+09,1.203999999999999915e+01,1.300999999999999943e+02,-1.076999999999999957e+01,9.000000000000000222e-01
1.770323423826008320e+09,1.203999999999999915e+01,1.300999999999999943e+02,-1.076999999999999957e+01,9.000000000000000222e-01
1.770323423836074829e+09,1.203999999999999915e+01,1.300999999999999943e+02,-1.076999999999999957e+01,9.000000000000000222e-01
1.770323423846335173e+09,1.203999999999999915e+01,1.300999999999999943e+02,-1.076999999999999957e+01,9.000000000000000222e-01
1.770323423856131077e+09,1.203999999999999915e+01,1.300999999999999943e+02,-1.076999999999999957e+01,9.000000000000000222e-01
1.770323423866171598e+09,1.203999999999999915e+01,1.300999999999999943e+02,-1.076999999999999957e+01,9.000000000000000222e-01
1.770323423876248837e+09,1.203999999999999915e+01,1.300999999999999943e+02,-1.076999999999999957e+01,9.000000000000000222e-01
1.770323423886223555e+09,1.203999999999999915e+01,1.300999999999999943e+02,-1.076999999999999957e+01,9.000000000000000222e-01
1.770323423896300316e+09,1.203999999999999915e+01,1.300999999999999943e+02,-1.076999999999999957e+01,9.000000000000000222e-01
1.770323423906481743e+09,1.203999999999999915e+01,1.300999999999999943e+02,-1.076999999999999957e+01,9.000000000000000222e-01
1.770323423916329622e+09,1.203999999999999915e+01,1.300999999999999943e+02,-1.076999999999999957e+01,9.000000000000000222e-01
1.770323423926614761e+09,1.203999999999999915e+01,1.300999999999999943e+02,-1.076999999999999957e+01,9.000000000000000222e-01
1.770323423936431170e+09,1.203999999999999915e+01,1.300999999999999943e+02,-1.076999999999999957e+01,9.000000000000000222e-01
1.770323423946271420e+09,1.203999999999999915e+01,1.300999999999999943e+02,-1.076999999999999957e+01,9.000000000000000222e-01
1.770323423957211256e+09,1.203999999999999915e+01,1.300999999999999943e+02,-1.076999999999999957e+01,9.000000000000000222e-01
1.770323423966691494e+09,1.203999999999999915e+01,1.300999999999999943e+02,-1.076999999999999957e+01,9.000000000000000222e-01
1.770323423976260185e+09,1.203999999999999915e+01,1.300999999999999943e+02,-1.076999999999999957e+01,9.000000000000000222e-01
1.770323423986988306e+09,1.203999999999999915e+01,1.300999999999999943e+02,-1.076999999999999957e+01,9.000000000000000222e-01
1.770323423996279478e+09,1.203999999999999915e+01,1.300999999999999943e+02,-1.076999999999999957e+01,9.000000000000000222e-01
1.770323424006187439e+09,1.203999999999999915e+01,1.300999999999999943e+02,-1.076999999999999957e+01,9.000000000000000222e-01
1.770323424017365694e+09,1.203999999999999915e+01,1.300999999999999943e+02,-1.076999999999999957e+01,9.000000000000000222e-01
1.770323424026430607e+09,1.203999999999999915e+01,1.300999999999999943e+02,-1.076999999999999957e+01,9.000000000000000222e-01
1.770323424036230564e+09,1.203999999999999915e+01,1.300999999999999943e+02,-1.076999999999999957e+01,9.000000000000000222e-01
1.770323424046443701e+09,1.203999999999999915e+01,1.300999999999999943e+02,-1.076999999999999957e+01,9.000000000000000222e-01
1.770323424056276321e+09,1.203999999999999915e+01,1.300999999999999943e+02,-1.076999999999999957e+01,9.000000000000000222e-01
1.770323424066212177e+09,1.203999999999999915e+01,1.300999999999999943e+02,-1.076999999999999957e+01,9.000000000000000222e-01
1.770323424076455355e+09,1.203999999999999915e+01,1.300999999999999943e+02,-1.076999999999999957e+01,9.000000000000000222e-01
1.770323424086266756e+09,1.203999999999999915e+01,1.300999999999999943e+02,-1.076999999999999957e+01,9.000000000000000222e-01
1.770323424096015215e+09,1.203999999999999915e+01,1.300999999999999943e+02,-1.076999999999999957e+01,9.000000000000000222e-01
1.770323424106089830e+09,1.203999999999999915e+01,1.300999999999999943e+02,-1.076999999999999957e+01,9.000000000000000222e-01
1.770323424116377354e+09,1.203999999999999915e+01,1.300999999999999943e+02,-1.076999999999999957e+01,9.000000000000000222e-01
1.770323424126576662e+09,1.203999999999999915e+01,1.300999999999999943e+02,-1.076999999999999957e+01,9.000000000000000222e-01
1.770323424136316061e+09,1.203999999999999915e+01,1.300999999999999943e+02,-1.076999999999999957e+01,9.000000000000000222e-01
1.770323424146349669e+09,1.203999999999999915e+01,1.300999999999999943e+02,-1.076999999999999957e+01,9.000000000000000222e-01
1.770323424156141281e+09,1.203999999999999915e+01,1.300999999999999943e+02,-1.076999999999999957e+01,9.000000000000000222e-01
1.770323424166228771e+09,1.203999999999999915e+01,1.300999999999999943e+02,-1.076999999999999957e+01,9.000000000000000222e-01
1.770323424176422358e+09,1.203999999999999915e+01,1.300999999999999943e+02,-1.076999999999999957e+01,9.000000000000000222e-01
1.770323424186579466e+09,1.203999999999999915e+01,1.300999999999999943e+02,-1.076999999999999957e+01,9.000000000000000222e-01
1.770323424196179867e+09,1.203999999999999915e+01,1.300999999999999943e+02,-1.076999999999999957e+01,9.000000000000000222e-01
1.770323424206216574e+09,1.203999999999999915e+01,1.300999999999999943e+02,-1.076999999999999957e+01,9.000000000000000222e-01
1.770323424216403484e+09,1.203999999999999915e+01,1.300999999999999943e+02,-1.076999999999999957e+01,9.000000000000000222e-01
1.770323424226420641e+09,1.203999999999999915e+01,1.300999999999999943e+02,-1.076999999999999957e+01,9.000000000000000222e-01
1.770323424236128330e+09,1.203999999999999915e+01,1.300999999999999943e+02,-1.076999999999999957e+01,9.000000000000000222e-01
1.770323424246223927e+09,1.203999999999999915e+01,1.300999999999999943e+02,-1.076999999999999957e+01,9.000000000000000222e-01
1.770323424256246805e+09,1.203999999999999915e+01,1.300999999999999943e+02,-1.076999999999999957e+01,9.000000000000000222e-01
1.770323424266525984e+09,1.203999999999999915e+01,1.300999999999999943e+02,-1.076999999999999957e+01,9.000000000000000222e-01
1.770323424276172400e+09,1.203999999999999915e+01,1.300999999999999943e+02,-1.076999999999999957e+01,9.000000000000000222e-01
1.770323424286822557e+09,1.203999999999999915e+01,1.300999999999999943e+02,-1.076999999999999957e+01,9.000000000000000222e-01
1.770323424296243906e+09,1.203999999999999915e+01,1.300999999999999943e+02,-1.076999999999999957e+01,9.000000000000000222e-01
1.770323424306207180e+09,1.203999999999999915e+01,1.300999999999999943e+02,-1.076999999999999957e+01,9.000000000000000222e-01
1.770323424316135883e+09,1.203999999999999915e+01,1.300999999999999943e+02,-1.076999999999999957e+01,9.000000000000000222e-01
1.770323424326338530e+09,1.203999999999999915e+01,1.300999999999999943e+02,-1.076999999999999957e+01,9.000000000000000222e-01
1.770323424336378574e+09,1.203999999999999915e+01,1.300999999999999943e+02,-1.076999999999999957e+01,9.000000000000000222e-01
1.770323424346447706e+09,1.203999999999999915e+01,1.300999999999999943e+02,-1.076999999999999957e+01,9.000000000000000222e-01
1.770323424356345892e+09,1.203999999999999915e+01,1.300999999999999943e+02,-1.076999999999999957e+01,9.000000000000000222e-01
1.770323424366501808e+09,1.203999999999999915e+01,1.300999999999999943e+02,-1.076999999999999957e+01,9.000000000000000222e-01
1.770323424376510620e+09,1.203999999999999915e+01,1.300999999999999943e+02,-1.076999999999999957e+01,9.000000000000000222e-01
1.770323424386335135e+09,1.203999999999999915e+01,1.300999999999999943e+02,-1.076999999999999957e+01,9.000000000000000222e-01
1.770323424396281958e+09,1.203999999999999915e+01,1.300999999999999943e+02,-1.076999999999999957e+01,9.000000000000000222e-01
1.770323424406157255e+09,1.203999999999999915e+01,1.300999999999999943e+02,-1.076999999999999957e+01,9.000000000000000222e-01
1.770323424416368961e+09,1.203999999999999915e+01,1.300999999999999943e+02,-1.076999999999999957e+01,9.000000000000000222e-01
1.770323424426466227e+09,1.203999999999999915e+01,1.300999999999999943e+02,-1.076999999999999957e+01,9.000000000000000222e-01
1.770323424436456203e+09,1.203999999999999915e+01,1.300999999999999943e+02,-1.076999999999999957e+01,9.000000000000000222e-01
1.770323424446291924e+09,1.203999999999999915e+01,1.300999999999999943e+02,-1.076999999999999957e+01,9.000000000000000222e-01
1.770323424456116676e+09,1.203999999999999915e+01,1.300999999999999943e+02,-1.076999999999999957e+01,9.000000000000000222e-01
1.770323424466234684e+09,1.203999999999999915e+01,1.300999999999999943e+02,-1.076999999999999957e+01,9.000000000000000222e-01
1.770323424476279974e+09,1.203999999999999915e+01,1.300999999999999943e+02,-1.076999999999999957e+01,9.000000000000000222e-01
1.770323424486404419e+09,1.203999999999999915e+01,1.300999999999999943e+02,-1.076999999999999957e+01,9.000000000000000222e-01
1.770323424496168137e+09,1.203999999999999915e+01,1.300999999999999943e+02,-1.076999999999999957e+01,9.000000000000000222e-01
1.770323424506309271e+09,1.203999999999999915e+01,1.300999999999999943e+02,-1.076999999999999957e+01,9.000000000000000222e-01
1.770323424516289234e+09,1.203999999999999915e+01,1.300999999999999943e+02,-1.076999999999999957e+01,9.000000000000000222e-01
1.770323424526345491e+09,1.203999999999999915e+01,1.300999999999999943e+02,-1.076999999999999957e+01,9.000000000000000222e-01
1.770323424536139727e+09,1.203999999999999915e+01,1.300999999999999943e+02,-1.076999999999999957e+01,9.000000000000000222e-01
1.770323424546322584e+09,1.203999999999999915e+01,1.300999999999999943e+02,-1.076999999999999957e+01,9.000000000000000222e-01
1.770323424556306124e+09,1.203999999999999915e+01,1.300999999999999943e+02,-1.076999999999999957e+01,9.000000000000000222e-01
1.770323424566309929e+09,1.203999999999999915e+01,1.300999999999999943e+02,-1.076999999999999957e+01,9.000000000000000222e-01
1.770323424576300383e+09,1.203999999999999915e+01,1.300999999999999943e+02,-1.076999999999999957e+01,9.000000000000000222e-01
1.770323424586749315e+09,1.203999999999999915e+01,1.300999999999999943e+02,-1.076999999999999957e+01,9.000000000000000222e-01
1.770323424596148252e+09,1.203999999999999915e+01,1.300999999999999943e+02,-1.076999999999999957e+01,9.000000000000000222e-01
1.770323424606210709e+09,1.203999999999999915e+01,1.300999999999999943e+02,-1.076999999999999957e+01,9.000000000000000222e-01
1.770323424616467953e+09,1.203999999999999915e+01,1.300999999999999943e+02,-1.076999999999999957e+01,9.000000000000000222e-01
1.770323424626430273e+09,1.203999999999999915e+01,1.300999999999999943e+02,-1.076999999999999957e+01,9.000000000000000222e-01
1.770323424636342049e+09,1.203999999999999915e+01,1.300999999999999943e+02,-1.076999999999999957e+01,9.000000000000000222e-01
1.770323424646614790e+09,1.203999999999999915e+01,1.300999999999999943e+02,-1.076999999999999957e+01,9.000000000000000222e-01
1.770323424656376839e+09,1.203999999999999915e+01,1.300999999999999943e+02,-1.076999999999999957e+01,9.000000000000000222e-01
1.770323424666445017e+09,1.203999999999999915e+01,1.300999999999999943e+02,-1.076999999999999957e+01,9.000000000000000222e-01
1.770323424676364899e+09,1.203999999999999915e+01,1.300999999999999943e+02,-1.076999999999999957e+01,9.000000000000000222e-01
1.770323424686448097e+09,1.203999999999999915e+01,1.300999999999999943e+02,-1.076999999999999957e+01,9.000000000000000222e-01
1.770323424696098804e+09,1.203999999999999915e+01,1.300999999999999943e+02,-1.076999999999999957e+01,9.000000000000000222e-01
1.770323424706239462e+09,1.203999999999999915e+01,1.300999999999999943e+02,-1.076999999999999957e+01,9.000000000000000222e-01
1.770323424716286182e+09,1.203999999999999915e+01,1.300999999999999943e+02,-1.076999999999999957e+01,9.000000000000000222e-01
1.770323424726315260e+09,1.203999999999999915e+01,1.300999999999999943e+02,-1.076999999999999957e+01,9.000000000000000222e-01
1.770323424736498833e+09,1.203999999999999915e+01,1.300999999999999943e+02,-1.076999999999999957e+01,9.000000000000000222e-01
1.770323424746867657e+09,1.203999999999999915e+01,1.300999999999999943e+02,-1.076999999999999957e+01,9.000000000000000222e-01
1.770323424756141424e+09,1.203999999999999915e+01,1.300999999999999943e+02,-1.076999999999999957e+01,9.000000000000000222e-01
1.770323424766293764e+09,1.203999999999999915e+01,1.300999999999999943e+02,-1.076999999999999957e+01,9.000000000000000222e-01
1.770323424776494503e+09,1.203999999999999915e+01,1.300999999999999943e+02,-1.076999999999999957e+01,9.000000000000000222e-01
1.770323424786576748e+09,1.203999999999999915e+01,1.300999999999999943e+02,-1.076999999999999957e+01,9.000000000000000222e-01
1.770323424796043873e+09,1.203999999999999915e+01,1.300999999999999943e+02,-1.076999999999999957e+01,9.000000000000000222e-01
1.770323424806282282e+09,1.203999999999999915e+01,1.300999999999999943e+02,-1.076999999999999957e+01,9.000000000000000222e-01
1.770323424816283941e+09,1.203999999999999915e+01,1.300999999999999943e+02,-1.076999999999999957e+01,9.000000000000000222e-01
1.770323424826267719e+09,1.203999999999999915e+01,1.300999999999999943e+02,-1.076999999999999957e+01,9.000000000000000222e-01
1.770323424836444855e+09,1.203999999999999915e+01,1.300999999999999943e+02,-1.076999999999999957e+01,9.000000000000000222e-01
1.770323424846246243e+09,1.203999999999999915e+01,1.300999999999999943e+02,-1.076999999999999957e+01,9.000000000000000222e-01
1.770323424856221676e+09,1.203999999999999915e+01,1.300999999999999943e+02,-1.076999999999999957e+01,9.000000000000000222e-01
1.770323424866610050e+09,1.203999999999999915e+01,1.300999999999999943e+02,-1.076999999999999957e+01,9.000000000000000222e-01
1.770323424876268864e+09,1.203999999999999915e+01,1.300999999999999943e+02,-1.076999999999999957e+01,9.000000000000000222e-01
1.770323424886531115e+09,1.203999999999999915e+01,1.300999999999999943e+02,-1.076999999999999957e+01,9.000000000000000222e-01
1.770323424896328688e+09,1.203999999999999915e+01,1.300999999999999943e+02,-1.076999999999999957e+01,9.000000000000000222e-01
1.770323424906383276e+09,1.203999999999999915e+01,1.300999999999999943e+02,-1.076999999999999957e+01,9.000000000000000222e-01
1.770323424916140556e+09,1.203999999999999915e+01,1.300999999999999943e+02,-1.076999999999999957e+01,9.000000000000000222e-01
1.770323424926176786e+09,1.203999999999999915e+01,1.300999999999999943e+02,-1.076999999999999957e+01,9.000000000000000222e-01
1.770323424936083794e+09,1.203999999999999915e+01,1.300999999999999943e+02,-1.076999999999999957e+01,9.000000000000000222e-01
1.770323424946233988e+09,1.203999999999999915e+01,1.300999999999999943e+02,-1.076999999999999957e+01,9.000000000000000222e-01
1.770323424956262350e+09,1.203999999999999915e+01,1.300999999999999943e+02,-1.076999999999999957e+01,9.000000000000000222e-01
1.770323424966205359e+09,1.203999999999999915e+01,1.300999999999999943e+02,-1.076999999999999957e+01,9.000000000000000222e-01
1.770323424976326466e+09,1.203999999999999915e+01,1.300999999999999943e+02,-1.076999999999999957e+01,9.000000000000000222e-01
1.770323424986291409e+09,1.203999999999999915e+01,1.300999999999999943e+02,-1.076999999999999957e+01,9.000000000000000222e-01
1.770323424996305943e+09,1.203999999999999915e+01,1.300999999999999943e+02,-1.076999999999999957e+01,9.000000000000000222e-01
1.770323425006320477e+09,1.203999999999999915e+01,1.300999999999999943e+02,-1.076999999999999957e+01,9.000000000000000222e-01
1.770323425016297102e+09,1.203999999999999915e+01,1.300999999999999943e+02,-1.076999999999999957e+01,9.000000000000000222e-01
1.770323425026314497e+09,1.203999999999999915e+01,1.300999999999999943e+02,-1.076999999999999957e+01,9.000000000000000222e-01
1.770323425036232710e+09,1.203999999999999915e+01,1.300999999999999943e+02,-1.076999999999999957e+01,9.000000000000000222e-01
1.770323425046283960e+09,1.203999999999999915e+01,1.300999999999999943e+02,-1.076999999999999957e+01,9.000000000000000222e-01
1.770323425056477070e+09,1.203999999999999915e+01,1.300999999999999943e+02,-1.076999999999999957e+01,9.000000000000000222e-01
1.770323425066435337e+09,1.203999999999999915e+01,1.300999999999999943e+02,-1.076999999999999957e+01,9.000000000000000222e-01
1.770323425076189280e+09,1.203999999999999915e+01,1.300999999999999943e+02,-1.076999999999999957e+01,9.000000000000000222e-01
1.770323425086285353e+09,1.203999999999999915e+01,1.300999999999999943e+02,-1.076999999999999957e+01,9.000000000000000222e-01
1.770323425096410036e+09,1.203999999999999915e+01,1.300999999999999943e+02,-1.076999999999999957e+01,9.000000000000000222e-01
1.770323425106127977e+09,1.203999999999999915e+01,1.300999999999999943e+02,-1.076999999999999957e+01,9.000000000000000222e-01
1.770323425116517544e+09,1.203999999999999915e+01,1.300999999999999943e+02,-1.076999999999999957e+01,9.000000000000000222e-01
1.770323425126510859e+09,1.203999999999999915e+01,1.300999999999999943e+02,-1.076999999999999957e+01,9.000000000000000222e-01
1.770323425136607885e+09,1.203999999999999915e+01,1.300999999999999943e+02,-1.076999999999999957e+01,9.000000000000000222e-01
1.770323425146253586e+09,1.203999999999999915e+01,1.300999999999999943e+02,-1.076999999999999957e+01,9.000000000000000222e-01
1.770323425156073570e+09,1.203999999999999915e+01,1.300999999999999943e+02,-1.076999999999999957e+01,9.000000000000000222e-01
1.770323425166079044e+09,1.203999999999999915e+01,1.300999999999999943e+02,-1.076999999999999957e+01,9.000000000000000222e-01
1.770323425176393986e+09,1.203999999999999915e+01,1.300999999999999943e+02,-1.076999999999999957e+01,9.000000000000000222e-01
1.770323425189111471e+09,1.203999999999999915e+01,1.300999999999999943e+02,-1.076999999999999957e+01,9.000000000000000222e-01
1.770323425196537256e+09,1.203999999999999915e+01,1.300999999999999943e+02,-1.076999999999999957e+01,9.000000000000000222e-01
1.770323425206289291e+09,1.203999999999999915e+01,1.300999999999999943e+02,-1.076999999999999957e+01,9.000000000000000222e-01
1.770323425216236115e+09,1.203999999999999915e+01,1.300999999999999943e+02,-1.076999999999999957e+01,9.000000000000000222e-01
1.770323425226184368e+09,1.203999999999999915e+01,1.300999999999999943e+02,-1.076999999999999957e+01,9.000000000000000222e-01
1.770323425236087561e+09,1.203999999999999915e+01,1.300999999999999943e+02,-1.076999999999999957e+01,9.000000000000000222e-01
1.770323425246804476e+09,1.203999999999999915e+01,1.300999999999999943e+02,-1.076999999999999957e+01,9.000000000000000222e-01
1.770323425256214857e+09,1.203999999999999915e+01,1.300999999999999943e+02,-1.076999999999999957e+01,9.000000000000000222e-01
1.770323425266270638e+09,1.203999999999999915e+01,1.300999999999999943e+02,-1.076999999999999957e+01,9.000000000000000222e-01
1.770323425276257753e+09,1.203999999999999915e+01,1.300999999999999943e+02,-1.076999999999999957e+01,9.000000000000000222e-01
1.770323425286344528e+09,1.203999999999999915e+01,1.300999999999999943e+02,-1.076999999999999957e+01,9.000000000000000222e-01
1.770323425296494722e+09,1.203999999999999915e+01,1.300999999999999943e+02,-1.076999999999999957e+01,9.000000000000000222e-01
1.770323425306465864e+09,1.203999999999999915e+01,1.300999999999999943e+02,-1.076999999999999957e+01,9.000000000000000222e-01
1.770323425316520214e+09,1.203999999999999915e+01,1.300999999999999943e+02,-1.076999999999999957e+01,9.000000000000000222e-01
1.770323425326343060e+09,1.203999999999999915e+01,1.300999999999999943e+02,-1.076999999999999957e+01,9.000000000000000222e-01
1.770323425336391926e+09,1.203999999999999915e+01,1.300999999999999943e+02,-1.076999999999999957e+01,9.000000000000000222e-01
1.770323425346379519e+09,1.203999999999999915e+01,1.300999999999999943e+02,-1.076999999999999957e+01,9.000000000000000222e-01
1.770323425356102467e+09,1.203999999999999915e+01,1.300999999999999943e+02,-1.076999999999999957e+01,9.000000000000000222e-01
1.770323425366434097e+09,1.203999999999999915e+01,1.300999999999999943e+02,-1.076999999999999957e+01,9.000000000000000222e-01
1.770323425377542019e+09,1.203999999999999915e+01,1.300999999999999943e+02,-1.076999999999999957e+01,9.000000000000000222e-01
1.770323425386530161e+09,1.203999999999999915e+01,1.300999999999999943e+02,-1.076999999999999957e+01,9.000000000000000222e-01
1.770323425396123409e+09,1.203999999999999915e+01,1.300999999999999943e+02,-1.076999999999999957e+01,9.000000000000000222e-01
1.770323425406330585e+09,1.203999999999999915e+01,1.300999999999999943e+02,-1.076999999999999957e+01,9.000000000000000222e-01
1.770323425416279316e+09,1.203999999999999915e+01,1.300999999999999943e+02,-1.076999999999999957e+01,9.000000000000000222e-01
1.770323425426009655e+09,1.203999999999999915e+01,1.300999999999999943e+02,-1.076999999999999957e+01,9.000000000000000222e-01
1.770323425436304569e+09,1.203999999999999915e+01,1.300999999999999943e+02,-1.076999999999999957e+01,9.000000000000000222e-01
1.770323425446409702e+09,1.203999999999999915e+01,1.300999999999999943e+02,-1.076999999999999957e+01,9.000000000000000222e-01
1.770323425456191778e+09,1.203999999999999915e+01,1.300999999999999943e+02,-1.076999999999999957e+01,9.000000000000000222e-01
1.770323425466202736e+09,1.203999999999999915e+01,1.300999999999999943e+02,-1.076999999999999957e+01,9.000000000000000222e-01
1.770323425476267815e+09,1.203999999999999915e+01,1.300999999999999943e+02,-1.076999999999999957e+01,9.000000000000000222e-01
1.770323425486312151e+09,1.203999999999999915e+01,1.300999999999999943e+02,-1.076999999999999957e+01,9.000000000000000222e-01
1.770323425496527195e+09,1.203999999999999915e+01,1.300999999999999943e+02,-1.076999999999999957e+01,9.000000000000000222e-01
1.770323425506335258e+09,1.203999999999999915e+01,1.300999999999999943e+02,-1.076999999999999957e+01,9.000000000000000222e-01
1.770323425516254663e+09,1.203999999999999915e+01,1.300999999999999943e+02,-1.076999999999999957e+01,9.000000000000000222e-01
1.770323425526565075e+09,1.203999999999999915e+01,1.300999999999999943e+02,-1.076999999999999957e+01,9.000000000000000222e-01
1.770323425536216021e+09,1.203999999999999915e+01,1.300999999999999943e+02,-1.076999999999999957e+01,9.000000000000000222e-01
1.770323425546396971e+09,1.203999999999999915e+01,1.300999999999999943e+02,-1.076999999999999957e+01,9.000000000000000222e-01
1.770323425556256771e+09,1.203999999999999915e+01,1.300999999999999943e+02,-1.076999999999999957e+01,9.000000000000000222e-01
1.770323425566490173e+09,1.203999999999999915e+01,1.300999999999999943e+02,-1.076999999999999957e+01,9.000000000000000222e-01
1.770323425576089382e+09,1.203999999999999915e+01,1.300999999999999943e+02,-1.076999999999999957e+01,9.000000000000000222e-01
1.770323425586297274e+09,1.203999999999999915e+01,1.300999999999999943e+02,-1.076999999999999957e+01,9.000000000000000222e-01
1.770323425596370935e+09,1.203999999999999915e+01,1.300999999999999943e+02,-1.076999999999999957e+01,9.000000000000000222e-01
1.770323425606234550e+09,1.203999999999999915e+01,1.300999999999999943e+02,-1.076999999999999957e+01,9.000000000000000222e-01
1.770323425616286278e+09,1.203999999999999915e+01,1.300999999999999943e+02,-1.076999999999999957e+01,9.000000000000000222e-01
1.770323425626357794e+09,1.203999999999999915e+01,1.300999999999999943e+02,-1.076999999999999957e+01,9.000000000000000222e-01
1.770323425636344671e+09,1.203999999999999915e+01,1.300999999999999943e+02,-1.076999999999999957e+01,9.000000000000000222e-01
1.770323425646305323e+09,1.203999999999999915e+01,1.300999999999999943e+02,-1.076999999999999957e+01,9.000000000000000222e-01
1.770323425656180143e+09,1.203999999999999915e+01,1.300999999999999943e+02,-1.076999999999999957e+01,9.000000000000000222e-01
1.770323425666298389e+09,1.203999999999999915e+01,1.300999999999999943e+02,-1.076999999999999957e+01,9.000000000000000222e-01
1.770323425676280737e+09,1.203999999999999915e+01,1.300999999999999943e+02,-1.076999999999999957e+01,9.000000000000000222e-01
1.770323425686275005e+09,1.203999999999999915e+01,1.300999999999999943e+02,-1.076999999999999957e+01,9.000000000000000222e-01
1.770323425696629286e+09,1.203999999999999915e+01,1.300999999999999943e+02,-1.076999999999999957e+01,9.000000000000000222e-01
1.770323425706205130e+09,1.203999999999999915e+01,1.300999999999999943e+02,-1.076999999999999957e+01,9.000000000000000222e-01
1.770323425716286182e+09,1.203999999999999915e+01,1.300999999999999943e+02,-1.076999999999999957e+01,9.000000000000000222e-01
1.770323425726671219e+09,1.203999999999999915e+01,1.300999999999999943e+02,-1.076999999999999957e+01,9.000000000000000222e-01
1.770323425736785173e+09,1.203999999999999915e+01,1.300999999999999943e+02,-1.076999999999999957e+01,9.000000000000000222e-01
1.770323425754423380e+09,1.203999999999999915e+01,1.300999999999999943e+02,-1.076999999999999957e+01,9.000000000000000222e-01
1.770323425757592440e+09,1.203999999999999915e+01,1.300999999999999943e+02,-1.076999999999999957e+01,9.000000000000000222e-01
1.770323425766620874e+09,1.203999999999999915e+01,1.300999999999999943e+02,-1.076999999999999957e+01,9.000000000000000222e-01
1.770323425776313066e+09,1.203999999999999915e+01,1.300999999999999943e+02,-1.076999999999999957e+01,9.000000000000000222e-01
1.770323425786118984e+09,1.203999999999999915e+01,1.300999999999999943e+02,-1.076999999999999957e+01,9.000000000000000222e-01
1.770323425796492100e+09,1.203999999999999915e+01,1.300999999999999943e+02,-1.076999999999999957e+01,9.000000000000000222e-01
1.770323425806377172e+09,1.203999999999999915e+01,1.300999999999999943e+02,-1.076999999999999957e+01,9.000000000000000222e-01
1.770323425819664240e+09,1.203999999999999915e+01,1.300999999999999943e+02,-1.076999999999999957e+01,9.000000000000000222e-01
1.770323425826422453e+09,1.203999999999999915e+01,1.300999999999999943e+02,-1.076999999999999957e+01,9.000000000000000222e-01
1.770323425836457729e+09,1.203999999999999915e+01,1.300999999999999943e+02,-1.076999999999999957e+01,9.000000000000000222e-01
1.770323425846862078e+09,1.203999999999999915e+01,1.300999999999999943e+02,-1.076999999999999957e+01,9.000000000000000222e-01
1.770323425856205225e+09,1.203999999999999915e+01,1.300999999999999943e+02,-1.076999999999999957e+01,9.000000000000000222e-01
1.770323425866492033e+09,1.203999999999999915e+01,1.300999999999999943e+02,-1.076999999999999957e+01,9.000000000000000222e-01
1.770323425876522541e+09,1.203999999999999915e+01,1.300999999999999943e+02,-1.076999999999999957e+01,9.000000000000000222e-01
1.770323425889306784e+09,1.203999999999999915e+01,1.300999999999999943e+02,-1.076999999999999957e+01,9.000000000000000222e-01
1.770323425896764278e+09,1.203999999999999915e+01,1.300999999999999943e+02,-1.076999999999999957e+01,9.000000000000000222e-01
1.770323425906459332e+09,1.203999999999999915e+01,1.300999999999999943e+02,-1.076999999999999957e+01,9.000000000000000222e-01
1.770323425916342974e+09,1.203999999999999915e+01,1.300999999999999943e+02,-1.076999999999999957e+01,9.000000000000000222e-01
1.770323425926219225e+09,1.203999999999999915e+01,1.300999999999999943e+02,-1.076999999999999957e+01,9.000000000000000222e-01
1.770323425936434031e+09,1.203999999999999915e+01,1.300999999999999943e+02,-1.076999999999999957e+01,9.000000000000000222e-01
1.770323425946328878e+09,1.203999999999999915e+01,1.300999999999999943e+02,-1.076999999999999957e+01,9.000000000000000222e-01
1.770323425956100941e+09,1.203999999999999915e+01,1.300999999999999943e+02,-1.076999999999999957e+01,9.000000000000000222e-01
1.770323425966092587e+09,1.203999999999999915e+01,1.300999999999999943e+02,-1.076999999999999957e+01,9.000000000000000222e-01
1.770323425976242065e+09,1.203999999999999915e+01,1.300999999999999943e+02,-1.076999999999999957e+01,9.000000000000000222e-01
1.770323425986264229e+09,1.203999999999999915e+01,1.300999999999999943e+02,-1.076999999999999957e+01,9.000000000000000222e-01
1.770323425996098280e+09,1.203999999999999915e+01,1.300999999999999943e+02,-1.076999999999999957e+01,9.000000000000000222e-01
1.770323426006168365e+09,1.203999999999999915e+01,1.300999999999999943e+02,-1.076999999999999957e+01,9.000000000000000222e-01
1.770323426016196251e+09,1.203999999999999915e+01,1.300999999999999943e+02,-1.076999999999999957e+01,9.000000000000000222e-01
1.770323426026491165e+09,1.203999999999999915e+01,1.300999999999999943e+02,-1.076999999999999957e+01,9.000000000000000222e-01
1.770323426036514759e+09,1.203999999999999915e+01,1.300999999999999943e+02,-1.076999999999999957e+01,9.000000000000000222e-01
1.770323426046268702e+09,1.203999999999999915e+01,1.300999999999999943e+02,-1.076999999999999957e+01,9.000000000000000222e-01
1.770323426056349754e+09,1.203999999999999915e+01,1.300999999999999943e+02,-1.076999999999999957e+01,9.000000000000000222e-01
1.770323426066339970e+09,1.203999999999999915e+01,1.300999999999999943e+02,-1.076999999999999957e+01,9.000000000000000222e-01
1.770323426076225758e+09,1.203999999999999915e+01,1.300999999999999943e+02,-1.076999999999999957e+01,9.000000000000000222e-01
1.770323426086466789e+09,1.203999999999999915e+01,1.300999999999999943e+02,-1.076999999999999957e+01,9.000000000000000222e-01
1.770323426096274376e+09,1.203999999999999915e+01,1.300999999999999943e+02,-1.076999999999999957e+01,9.000000000000000222e-01
1.770323426106291056e+09,1.203999999999999915e+01,1.300999999999999943e+02,-1.076999999999999957e+01,9.000000000000000222e-01
1.770323426116540909e+09,1.203999999999999915e+01,1.300999999999999943e+02,-1.076999999999999957e+01,9.000000000000000222e-01
1.770323426126229525e+09,1.203999999999999915e+01,1.300999999999999943e+02,-1.076999999999999957e+01,9.000000000000000222e-01
1.770323426136390686e+09,1.203999999999999915e+01,1.300999999999999943e+02,-1.076999999999999957e+01,9.000000000000000222e-01
1.770323426146544218e+09,1.203999999999999915e+01,1.300999999999999943e+02,-1.076999999999999957e+01,9.000000000000000222e-01
1.770323426156381130e+09,1.203999999999999915e+01,1.300999999999999943e+02,-1.076999999999999957e+01,9.000000000000000222e-01
1.770323426166035891e+09,1.203999999999999915e+01,1.300999999999999943e+02,-1.076999999999999957e+01,9.000000000000000222e-01
1.770323426176316977e+09,1.203999999999999915e+01,1.300999999999999943e+02,-1.076999999999999957e+01,9.000000000000000222e-01
1.770323426186204672e+09,1.203999999999999915e+01,1.300999999999999943e+02,-1.076999999999999957e+01,9.000000000000000222e-01
1.770323426196099281e+09,1.203999999999999915e+01,1.300999999999999943e+02,-1.076999999999999957e+01,9.000000000000000222e-01
1.770323426206539869e+09,1.203999999999999915e+01,1.300999999999999943e+02,-1.076999999999999957e+01,9.000000000000000222e-01
1.770323426216411352e+09,1.203999999999999915e+01,1.300999999999999943e+02,-1.076999999999999957e+01,9.000000000000000222e-01
1.770323426226526976e+09,1.203999999999999915e+01,1.300999999999999943e+02,-1.076999999999999957e+01,9.000000000000000222e-01
1.770323426236364603e+09,1.203999999999999915e+01,1.300999999999999943e+02,-1.076999999999999957e+01,9.000000000000000222e-01
1.770323426246629715e+09,1.203999999999999915e+01,1.300999999999999943e+02,-1.076999999999999957e+01,9.000000000000000222e-01
1.770323426256142616e+09,1.203999999999999915e+01,1.300999999999999943e+02,-1.076999999999999957e+01,9.000000000000000222e-01
1.770323426266371489e+09,1.203999999999999915e+01,1.300999999999999943e+02,-1.076999999999999957e+01,9.000000000000000222e-01
1.770323426276501894e+09,1.203999999999999915e+01,1.300999999999999943e+02,-1.076999999999999957e+01,9.000000000000000222e-01
1.770323426286481380e+09,1.203999999999999915e+01,1.300999999999999943e+02,-1.076999999999999957e+01,9.000000000000000222e-01
1.770323426296260357e+09,1.203999999999999915e+01,1.300999999999999943e+02,-1.076999999999999957e+01,9.000000000000000222e-01
1.770323426306239367e+09,1.203999999999999915e+01,1.300999999999999943e+02,-1.076999999999999957e+01,9.000000000000000222e-01
1.770323426316298485e+09,1.203999999999999915e+01,1.300999999999999943e+02,-1.076999999999999957e+01,9.000000000000000222e-01
1.770323426326190472e+09,1.203999999999999915e+01,1.300999999999999943e+02,-1.076999999999999957e+01,9.000000000000000222e-01
1.770323426336751699e+09,1.203999999999999915e+01,1.300999999999999943e+02,-1.076999999999999957e+01,9.000000000000000222e-01
1.770323426346402645e+09,1.203999999999999915e+01,1.300999999999999943e+02,-1.076999999999999957e+01,9.000000000000000222e-01
1.770323426357699156e+09,1.203999999999999915e+01,1.300999999999999943e+02,-1.076999999999999957e+01,9.000000000000000222e-01
1.770323426366362333e+09,1.203999999999999915e+01,1.300999999999999943e+02,-1.076999999999999957e+01,9.000000000000000222e-01
1.770323426376301289e+09,1.203999999999999915e+01,1.300999999999999943e+02,-1.076999999999999957e+01,9.000000000000000222e-01
1.770323426386158943e+09,1.203999999999999915e+01,1.300999999999999943e+02,-1.076999999999999957e+01,9.000000000000000222e-01
1.770323426396629333e+09,2.576999999999999957e+01,2.483000000000000114e+02,1.455000000000000071e+01,0.000000000000000000e+00
1.770323426406054020e+09,2.576999999999999957e+01,2.483000000000000114e+02,1.455000000000000071e+01,0.000000000000000000e+00
1.770323426416966915e+09,2.576999999999999957e+01,2.483000000000000114e+02,1.455000000000000071e+01,0.000000000000000000e+00
1.770323426426548958e+09,2.576999999999999957e+01,2.483000000000000114e+02,1.455000000000000071e+01,0.000000000000000000e+00
1.770323426436081171e+09,2.576999999999999957e+01,2.483000000000000114e+02,1.455000000000000071e+01,0.000000000000000000e+00
1.770323426446515560e+09,2.576999999999999957e+01,2.483000000000000114e+02,1.455000000000000071e+01,0.000000000000000000e+00
1.770323426456091166e+09,2.576999999999999957e+01,2.483000000000000114e+02,1.455000000000000071e+01,0.000000000000000000e+00
1.770323426466170549e+09,2.576999999999999957e+01,2.483000000000000114e+02,1.455000000000000071e+01,0.000000000000000000e+00
1.770323426476246595e+09,2.576999999999999957e+01,2.483000000000000114e+02,1.455000000000000071e+01,0.000000000000000000e+00
1.770323426486371756e+09,2.576999999999999957e+01,2.483000000000000114e+02,1.455000000000000071e+01,0.000000000000000000e+00
1.770323426496242762e+09,2.576999999999999957e+01,2.483000000000000114e+02,1.455000000000000071e+01,0.000000000000000000e+00
1.770323426506351948e+09,2.576999999999999957e+01,2.483000000000000114e+02,1.455000000000000071e+01,0.000000000000000000e+00
1.770323426516312599e+09,2.576999999999999957e+01,2.483000000000000114e+02,1.455000000000000071e+01,0.000000000000000000e+00
1.770323426526486158e+09,2.576999999999999957e+01,2.483000000000000114e+02,1.455000000000000071e+01,0.000000000000000000e+00
1.770323426536083221e+09,2.576999999999999957e+01,2.483000000000000114e+02,1.455000000000000071e+01,0.000000000000000000e+00
1.770323426546391249e+09,2.576999999999999957e+01,2.483000000000000114e+02,1.455000000000000071e+01,0.000000000000000000e+00
1.770323426556587458e+09,2.576999999999999957e+01,2.483000000000000114e+02,1.455000000000000071e+01,0.000000000000000000e+00
1.770323426566075087e+09,2.576999999999999957e+01,2.483000000000000114e+02,1.455000000000000071e+01,0.000000000000000000e+00
1.770323426576219559e+09,2.576999999999999957e+01,2.483000000000000114e+02,1.455000000000000071e+01,0.000000000000000000e+00
1.770323426586285353e+09,2.576999999999999957e+01,2.483000000000000114e+02,1.455000000000000071e+01,0.000000000000000000e+00
1.770323426596561432e+09,2.576999999999999957e+01,2.483000000000000114e+02,1.455000000000000071e+01,0.000000000000000000e+00
1.770323426606097221e+09,2.576999999999999957e+01,2.483000000000000114e+02,1.455000000000000071e+01,0.000000000000000000e+00
1.770323426616261244e+09,2.576999999999999957e+01,2.483000000000000114e+02,1.455000000000000071e+01,0.000000000000000000e+00
1.770323426626345873e+09,2.576999999999999957e+01,2.483000000000000114e+02,1.455000000000000071e+01,0.000000000000000000e+00
1.770323426636590481e+09,2.576999999999999957e+01,2.483000000000000114e+02,1.455000000000000071e+01,0.000000000000000000e+00
1.770323426646269798e+09,2.576999999999999957e+01,2.483000000000000114e+02,1.455000000000000071e+01,0.000000000000000000e+00
1.770323426656076670e+09,1.006000000000000050e+01,4.600000000000000000e+01,4.410000000000000142e+00,0.000000000000000000e+00
1.770323426666009426e+09,1.006000000000000050e+01,4.600000000000000000e+01,4.410000000000000142e+00,0.000000000000000000e+00
1.770323426676136494e+09,1.006000000000000050e+01,4.600000000000000000e+01,4.410000000000000142e+00,0.000000000000000000e+00
1.770323426687382936e+09,1.006000000000000050e+01,4.600000000000000000e+01,4.410000000000000142e+00,0.000000000000000000e+00
1.770323426696300268e+09,1.006000000000000050e+01,4.600000000000000000e+01,4.410000000000000142e+00,0.000000000000000000e+00
1.770323426706203222e+09,1.006000000000000050e+01,4.600000000000000000e+01,4.410000000000000142e+00,0.000000000000000000e+00
1.770323426716607571e+09,1.006000000000000050e+01,4.600000000000000000e+01,4.410000000000000142e+00,0.000000000000000000e+00
1.770323426726445436e+09,1.006000000000000050e+01,4.600000000000000000e+01,4.410000000000000142e+00,0.000000000000000000e+00
1.770323426736383915e+09,1.006000000000000050e+01,4.600000000000000000e+01,4.410000000000000142e+00,0.000000000000000000e+00
1.770323426746411085e+09,1.006000000000000050e+01,4.600000000000000000e+01,4.410000000000000142e+00,0.000000000000000000e+00
1.770323426756290674e+09,1.006000000000000050e+01,4.600000000000000000e+01,4.410000000000000142e+00,0.000000000000000000e+00
1.770323426766326427e+09,1.006000000000000050e+01,4.600000000000000000e+01,4.410000000000000142e+00,0.000000000000000000e+00
1.770323426776080370e+09,1.006000000000000050e+01,4.600000000000000000e+01,4.410000000000000142e+00,0.000000000000000000e+00
1.770323426786347151e+09,1.006000000000000050e+01,4.600000000000000000e+01,4.410000000000000142e+00,0.000000000000000000e+00
1.770323426796453476e+09,1.006000000000000050e+01,4.600000000000000000e+01,4.410000000000000142e+00,0.000000000000000000e+00
1.770323426806171894e+09,1.006000000000000050e+01,4.600000000000000000e+01,4.410000000000000142e+00,0.000000000000000000e+00
1.770323426816419125e+09,1.006000000000000050e+01,4.600000000000000000e+01,4.410000000000000142e+00,0.000000000000000000e+00
1.770323426826377392e+09,1.006000000000000050e+01,4.600000000000000000e+01,4.410000000000000142e+00,0.000000000000000000e+00
1.770323426836157322e+09,1.006000000000000050e+01,4.600000000000000000e+01,4.410000000000000142e+00,0.000000000000000000e+00
1.770323426846317768e+09,1.006000000000000050e+01,4.600000000000000000e+01,4.410000000000000142e+00,0.000000000000000000e+00
1.770323426856425762e+09,1.006000000000000050e+01,4.600000000000000000e+01,4.410000000000000142e+00,0.000000000000000000e+00
1.770323426866079092e+09,1.006000000000000050e+01,4.600000000000000000e+01,4.410000000000000142e+00,0.000000000000000000e+00
1.770323426876448870e+09,1.006000000000000050e+01,4.600000000000000000e+01,4.410000000000000142e+00,0.000000000000000000e+00
1.770323426886307716e+09,1.006000000000000050e+01,4.600000000000000000e+01,4.410000000000000142e+00,0.000000000000000000e+00
1.770323426896085978e+09,1.006000000000000050e+01,4.600000000000000000e+01,4.410000000000000142e+00,0.000000000000000000e+00
1.770323426906308889e+09,1.006000000000000050e+01,4.600000000000000000e+01,4.410000000000000142e+00,0.000000000000000000e+00
1.770323426916275501e+09,4.709999999999999964e+00,3.621000000000000227e+02,1.119999999999999929e+01,0.000000000000000000e+00
1.770323426926258802e+09,4.709999999999999964e+00,3.621000000000000227e+02,1.119999999999999929e+01,0.000000000000000000e+00
1.770323426936225891e+09,4.709999999999999964e+00,3.621000000000000227e+02,1.119999999999999929e+01,0.000000000000000000e+00
1.770323426946272135e+09,4.709999999999999964e+00,3.621000000000000227e+02,1.119999999999999929e+01,0.000000000000000000e+00
1.770323426956102610e+09,4.709999999999999964e+00,3.621000000000000227e+02,1.119999999999999929e+01,0.000000000000000000e+00
1.770323426966483831e+09,4.709999999999999964e+00,3.621000000000000227e+02,1.119999999999999929e+01,0.000000000000000000e+00
1.770323426976142406e+09,4.709999999999999964e+00,3.621000000000000227e+02,1.119999999999999929e+01,0.000000000000000000e+00
1.770323426986552477e+09,4.709999999999999964e+00,3.621000000000000227e+02,1.119999999999999929e+01,0.000000000000000000e+00
1.770323426996385574e+09,4.709999999999999964e+00,3.621000000000000227e+02,1.119999999999999929e+01,0.000000000000000000e+00
1.770323427006284952e+09,4.709999999999999964e+00,3.621000000000000227e+02,1.119999999999999929e+01,0.000000000000000000e+00
1.770323427016411781e+09,4.709999999999999964e+00,3.621000000000000227e+02,1.119999999999999929e+01,0.000000000000000000e+00
1.770323427026464462e+09,4.709999999999999964e+00,3.621000000000000227e+02,1.119999999999999929e+01,0.000000000000000000e+00
1.770323427036421061e+09,4.709999999999999964e+00,3.621000000000000227e+02,1.119999999999999929e+01,0.000000000000000000e+00
1.770323427046183109e+09,4.709999999999999964e+00,3.621000000000000227e+02,1.119999999999999929e+01,0.000000000000000000e+00
1.770323427056495190e+09,4.709999999999999964e+00,3.621000000000000227e+02,1.119999999999999929e+01,0.000000000000000000e+00
1.770323427066224098e+09,4.709999999999999964e+00,3.621000000000000227e+02,1.119999999999999929e+01,0.000000000000000000e+00
1.770323427076581955e+09,4.709999999999999964e+00,3.621000000000000227e+02,1.119999999999999929e+01,0.000000000000000000e+00
1.770323427086322546e+09,4.709999999999999964e+00,3.621000000000000227e+02,1.119999999999999929e+01,0.000000000000000000e+00
1.770323427096485853e+09,4.709999999999999964e+00,3.621000000000000227e+02,1.119999999999999929e+01,0.000000000000000000e+00
1.770323427106504679e+09,4.709999999999999964e+00,3.621000000000000227e+02,1.119999999999999929e+01,0.000000000000000000e+00
1.770323427116320372e+09,4.709999999999999964e+00,3.621000000000000227e+02,1.119999999999999929e+01,0.000000000000000000e+00
1.770323427126411676e+09,4.709999999999999964e+00,3.621000000000000227e+02,1.119999999999999929e+01,0.000000000000000000e+00
1.770323427136349440e+09,4.709999999999999964e+00,3.621000000000000227e+02,1.119999999999999929e+01,0.000000000000000000e+00
1.770323427146278143e+09,4.709999999999999964e+00,3.621000000000000227e+02,1.119999999999999929e+01,0.000000000000000000e+00
1.770323427156440258e+09,4.709999999999999964e+00,3.621000000000000227e+02,1.119999999999999929e+01,0.000000000000000000e+00
1.770323427166420460e+09,4.709999999999999964e+00,3.621000000000000227e+02,1.119999999999999929e+01,0.000000000000000000e+00
1.770323427176148891e+09,1.700000000000000122e-01,8.250000000000000000e+01,-7.700000000000000178e-01,0.000000000000000000e+00
1.770323427186605453e+09,1.700000000000000122e-01,8.250000000000000000e+01,-7.700000000000000178e-01,0.000000000000000000e+00
1.770323427196254730e+09,1.700000000000000122e-01,8.250000000000000000e+01,-7.700000000000000178e-01,0.000000000000000000e+00
1.770323427206474543e+09,1.700000000000000122e-01,8.250000000000000000e+01,-7.700000000000000178e-01,0.000000000000000000e+00
1.770323427216266155e+09,1.700000000000000122e-01,8.250000000000000000e+01,-7.700000000000000178e-01,0.000000000000000000e+00
1.770323427226204157e+09,1.700000000000000122e-01,8.250000000000000000e+01,-7.700000000000000178e-01,0.000000000000000000e+00
1.770323427236493587e+09,1.700000000000000122e-01,8.250000000000000000e+01,-7.700000000000000178e-01,0.000000000000000000e+00
1.770323427246264458e+09,1.700000000000000122e-01,8.250000000000000000e+01,-7.700000000000000178e-01,0.000000000000000000e+00
1.770323427256191254e+09,1.700000000000000122e-01,8.250000000000000000e+01,-7.700000000000000178e-01,0.000000000000000000e+00
1.770323427266350985e+09,1.700000000000000122e-01,8.250000000000000000e+01,-7.700000000000000178e-01,0.000000000000000000e+00
1.770323427276285887e+09,1.700000000000000122e-01,8.250000000000000000e+01,-7.700000000000000178e-01,0.000000000000000000e+00
1.770323427286416054e+09,1.700000000000000122e-01,8.250000000000000000e+01,-7.700000000000000178e-01,0.000000000000000000e+00
1.770323427296528101e+09,5.360000000000000320e+00,1.855999999999999943e+02,4.410000000000000142e+00,0.000000000000000000e+00
1.770323427306236267e+09,5.360000000000000320e+00,1.855999999999999943e+02,4.410000000000000142e+00,0.000000000000000000e+00
1.770323427316298962e+09,5.360000000000000320e+00,1.855999999999999943e+02,4.410000000000000142e+00,0.000000000000000000e+00
1.770323427326154470e+09,5.360000000000000320e+00,1.855999999999999943e+02,4.410000000000000142e+00,0.000000000000000000e+00
1.770323427336199522e+09,5.360000000000000320e+00,1.855999999999999943e+02,4.410000000000000142e+00,0.000000000000000000e+00
1.770323427346744299e+09,5.360000000000000320e+00,1.855999999999999943e+02,4.410000000000000142e+00,0.000000000000000000e+00
1.770323427356138468e+09,5.360000000000000320e+00,1.855999999999999943e+02,4.410000000000000142e+00,0.000000000000000000e+00
1.770323427366436481e+09,5.360000000000000320e+00,1.855999999999999943e+02,4.410000000000000142e+00,0.000000000000000000e+00
1.770323427376599073e+09,5.360000000000000320e+00,1.855999999999999943e+02,4.410000000000000142e+00,0.000000000000000000e+00
1.770323427386315346e+09,5.360000000000000320e+00,1.855999999999999943e+02,4.410000000000000142e+00,0.000000000000000000e+00
1.770323427396415710e+09,5.360000000000000320e+00,1.855999999999999943e+02,4.410000000000000142e+00,0.000000000000000000e+00
1.770323427406214476e+09,5.360000000000000320e+00,1.855999999999999943e+02,4.410000000000000142e+00,0.000000000000000000e+00
1.770323427416305065e+09,5.360000000000000320e+00,1.855999999999999943e+02,4.410000000000000142e+00,4.000000000000000222e-01
1.770323427426247835e+09,5.360000000000000320e+00,1.855999999999999943e+02,4.410000000000000142e+00,4.000000000000000222e-01
1.770323427436106443e+09,5.360000000000000320e+00,1.855999999999999943e+02,4.410000000000000142e+00,4.000000000000000222e-01
1.770323427446288109e+09,5.360000000000000320e+00,1.855999999999999943e+02,4.410000000000000142e+00,4.000000000000000222e-01
1.770323427456161737e+09,5.360000000000000320e+00,1.855999999999999943e+02,4.410000000000000142e+00,4.000000000000000222e-01
1.770323427466288567e+09,5.360000000000000320e+00,1.855999999999999943e+02,4.410000000000000142e+00,4.000000000000000222e-01
1.770323427476302147e+09,5.360000000000000320e+00,1.855999999999999943e+02,4.410000000000000142e+00,4.000000000000000222e-01
1.770323427486513138e+09,5.360000000000000320e+00,1.855999999999999943e+02,4.410000000000000142e+00,4.000000000000000222e-01
1.770323427496316195e+09,5.360000000000000320e+00,1.855999999999999943e+02,4.410000000000000142e+00,4.000000000000000222e-01
1.770323427506168365e+09,5.360000000000000320e+00,1.855999999999999943e+02,4.410000000000000142e+00,4.000000000000000222e-01
1.770323427516448736e+09,5.360000000000000320e+00,1.855999999999999943e+02,4.410000000000000142e+00,4.000000000000000222e-01
1.770323427526215792e+09,5.360000000000000320e+00,1.855999999999999943e+02,4.410000000000000142e+00,4.000000000000000222e-01
1.770323427536097765e+09,5.360000000000000320e+00,1.855999999999999943e+02,4.410000000000000142e+00,4.000000000000000222e-01
1.770323427546274900e+09,5.360000000000000320e+00,1.855999999999999943e+02,4.410000000000000142e+00,4.000000000000000222e-01
1.770323427556330442e+09,5.360000000000000320e+00,1.855999999999999943e+02,4.410000000000000142e+00,4.000000000000000222e-01
1.770323427566523790e+09,5.360000000000000320e+00,1.855999999999999943e+02,4.410000000000000142e+00,4.000000000000000222e-01
1.770323427576025963e+09,5.360000000000000320e+00,1.855999999999999943e+02,4.410000000000000142e+00,4.000000000000000222e-01
1.770323427586269140e+09,5.360000000000000320e+00,1.855999999999999943e+02,4.410000000000000142e+00,4.000000000000000222e-01
1.770323427596147776e+09,5.360000000000000320e+00,1.855999999999999943e+02,4.410000000000000142e+00,4.000000000000000222e-01
1.770323427606370449e+09,5.360000000000000320e+00,1.855999999999999943e+02,4.410000000000000142e+00,4.000000000000000222e-01
1.770323427616826296e+09,5.360000000000000320e+00,1.855999999999999943e+02,4.410000000000000142e+00,4.000000000000000222e-01
1.770323427626158476e+09,5.360000000000000320e+00,1.855999999999999943e+02,4.410000000000000142e+00,4.000000000000000222e-01
1.770323427635986567e+09,5.360000000000000320e+00,1.855999999999999943e+02,4.410000000000000142e+00,4.000000000000000222e-01
1.770323427646784782e+09,5.360000000000000320e+00,1.855999999999999943e+02,4.410000000000000142e+00,4.000000000000000222e-01
1.770323427656274319e+09,5.360000000000000320e+00,1.855999999999999943e+02,4.410000000000000142e+00,4.000000000000000222e-01
1.770323427666197300e+09,5.360000000000000320e+00,1.855999999999999943e+02,4.410000000000000142e+00,4.000000000000000222e-01
1.770323427676624060e+09,5.360000000000000320e+00,1.855999999999999943e+02,4.410000000000000142e+00,4.000000000000000222e-01
1.770323427686288834e+09,5.360000000000000320e+00,1.855999999999999943e+02,4.410000000000000142e+00,4.000000000000000222e-01
1.770323427696266651e+09,5.360000000000000320e+00,1.855999999999999943e+02,4.410000000000000142e+00,4.000000000000000222e-01
1.770323427706315994e+09,5.360000000000000320e+00,1.855999999999999943e+02,4.410000000000000142e+00,4.000000000000000222e-01
1.770323427716321707e+09,5.360000000000000320e+00,1.855999999999999943e+02,4.410000000000000142e+00,4.000000000000000222e-01
1.770323427726501703e+09,5.360000000000000320e+00,1.855999999999999943e+02,4.410000000000000142e+00,4.000000000000000222e-01
1.770323427736179590e+09,5.360000000000000320e+00,1.855999999999999943e+02,4.410000000000000142e+00,4.000000000000000222e-01
1.770323427746276140e+09,5.360000000000000320e+00,1.855999999999999943e+02,4.410000000000000142e+00,4.000000000000000222e-01
1.770323427756384850e+09,5.360000000000000320e+00,1.855999999999999943e+02,4.410000000000000142e+00,4.000000000000000222e-01
1.770323427766394615e+09,5.360000000000000320e+00,1.855999999999999943e+02,4.410000000000000142e+00,4.000000000000000222e-01
